{
    "name": "root",
    "gauges": {
        "FYP_Movement_1.Policy.Entropy.mean": {
            "value": 0.38432061672210693,
            "min": 0.3821081519126892,
            "max": 0.4125162363052368,
            "count": 41
        },
        "FYP_Movement_1.Policy.Entropy.sum": {
            "value": 19224.486328125,
            "min": 8339.087890625,
            "max": 20642.3125,
            "count": 41
        },
        "FYP_Movement_1.Environment.EpisodeLength.mean": {
            "value": 44.196573489630296,
            "min": 42.574412532637076,
            "max": 46.322306238185256,
            "count": 41
        },
        "FYP_Movement_1.Environment.EpisodeLength.sum": {
            "value": 49014.0,
            "min": 19744.0,
            "max": 49043.0,
            "count": 41
        },
        "FYP_Movement_1.Step.mean": {
            "value": 24399940.0,
            "min": 22399990.0,
            "max": 24399940.0,
            "count": 41
        },
        "FYP_Movement_1.Step.sum": {
            "value": 24399940.0,
            "min": 22399990.0,
            "max": 24399940.0,
            "count": 41
        },
        "FYP_Movement_1.Policy.ExtrinsicValueEstimate.mean": {
            "value": 0.7211562395095825,
            "min": 0.6131515502929688,
            "max": 0.7928240895271301,
            "count": 41
        },
        "FYP_Movement_1.Policy.ExtrinsicValueEstimate.sum": {
            "value": 888.4644775390625,
            "min": 352.6182556152344,
            "max": 974.3807983398438,
            "count": 41
        },
        "FYP_Movement_1.Environment.CumulativeReward.mean": {
            "value": 0.8656445989860566,
            "min": 0.8258483116141803,
            "max": 0.8923873379327177,
            "count": 41
        },
        "FYP_Movement_1.Environment.CumulativeReward.sum": {
            "value": 959.9998602755368,
            "min": 391.2135730050504,
            "max": 1000.6262900903821,
            "count": 41
        },
        "FYP_Movement_1.Policy.ExtrinsicReward.mean": {
            "value": 0.8656445989860566,
            "min": 0.8258483116141803,
            "max": 0.8923873379327177,
            "count": 41
        },
        "FYP_Movement_1.Policy.ExtrinsicReward.sum": {
            "value": 959.9998602755368,
            "min": 391.2135730050504,
            "max": 1000.6262900903821,
            "count": 41
        },
        "FYP_Movement_1.Losses.PolicyLoss.mean": {
            "value": 0.022712387309099236,
            "min": 0.020913179251753414,
            "max": 0.028019176351760204,
            "count": 41
        },
        "FYP_Movement_1.Losses.PolicyLoss.sum": {
            "value": 0.11356193654549618,
            "min": 0.02098960606381297,
            "max": 0.13581121609313412,
            "count": 41
        },
        "FYP_Movement_1.Losses.ValueLoss.mean": {
            "value": 0.0134239816882958,
            "min": 0.009130976448456448,
            "max": 0.017913562568525474,
            "count": 41
        },
        "FYP_Movement_1.Losses.ValueLoss.sum": {
            "value": 0.067119908441479,
            "min": 0.010202795406803489,
            "max": 0.08956781284262737,
            "count": 41
        },
        "FYP_Movement_1.Policy.LearningRate.mean": {
            "value": 0.0001537706299431396,
            "min": 0.0001537706299431396,
            "max": 0.00016565946278019396,
            "count": 41
        },
        "FYP_Movement_1.Policy.LearningRate.sum": {
            "value": 0.0007688531497156981,
            "min": 0.00016565946278019396,
            "max": 0.000827372048209392,
            "count": 41
        },
        "FYP_Movement_1.Policy.Epsilon.mean": {
            "value": 0.15125686040000003,
            "min": 0.15125686040000003,
            "max": 0.155219806,
            "count": 41
        },
        "FYP_Movement_1.Policy.Epsilon.sum": {
            "value": 0.7562843020000001,
            "min": 0.155219806,
            "max": 0.7757906080000002,
            "count": 41
        },
        "FYP_Movement_1.Policy.Beta.mean": {
            "value": 0.00256771733396,
            "min": 0.00256771733396,
            "max": 0.0027654683194000005,
            "count": 41
        },
        "FYP_Movement_1.Policy.Beta.sum": {
            "value": 0.012838586669800001,
            "min": 0.0027654683194000005,
            "max": 0.0138119513392,
            "count": 41
        },
        "FYP_Movement_1.IsTraining.mean": {
            "value": 1.0,
            "min": 1.0,
            "max": 1.0,
            "count": 41
        },
        "FYP_Movement_1.IsTraining.sum": {
            "value": 1.0,
            "min": 1.0,
            "max": 1.0,
            "count": 41
        }
    },
    "metadata": {
        "timer_format_version": "0.1.0",
        "start_time_seconds": "1701354386",
        "python_version": "3.8.0 (tags/v3.8.0:fa919fd, Oct 14 2019, 19:37:50) [MSC v.1916 64 bit (AMD64)]",
        "command_line_arguments": "C:\\Users\\jackp\\Desktop\\Development\\FYP\\MLAgentsPython\\Scripts\\mlagents-learn .\\config\\FYP_Movement_cfg.yaml --run-id=MoveToPointNoObstacles --resume",
        "mlagents_version": "0.29.0",
        "mlagents_envs_version": "0.29.0",
        "communication_protocol_version": "1.5.0",
        "pytorch_version": "2.1.0+cpu",
        "numpy_version": "1.21.2",
        "end_time_seconds": "1701355918"
    },
    "total": 1531.6923766999998,
    "count": 1,
    "self": 0.004377399999611953,
    "children": {
        "run_training.setup": {
            "total": 0.07606449999999998,
            "count": 1,
            "self": 0.07606449999999998
        },
        "TrainerController.start_learning": {
            "total": 1531.6119348000002,
            "count": 1,
            "self": 3.566909200010059,
            "children": {
                "TrainerController._reset_env": {
                    "total": 10.7008237,
                    "count": 1,
                    "self": 10.7008237
                },
                "TrainerController.advance": {
                    "total": 1517.31171679999,
                    "count": 264000,
                    "self": 3.222837900012337,
                    "children": {
                        "env_step": {
                            "total": 1134.5194030999658,
                            "count": 264000,
                            "self": 1008.3594250999397,
                            "children": {
                                "SubprocessEnvManager._take_step": {
                                    "total": 123.72440010000238,
                                    "count": 264000,
                                    "self": 9.637875000029126,
                                    "children": {
                                        "TorchPolicy.evaluate": {
                                            "total": 114.08652509997326,
                                            "count": 228804,
                                            "self": 24.77080709993993,
                                            "children": {
                                                "TorchPolicy.sample_actions": {
                                                    "total": 89.31571800003333,
                                                    "count": 228804,
                                                    "self": 89.31571800003333
                                                }
                                            }
                                        }
                                    }
                                },
                                "workers": {
                                    "total": 2.4355779000236115,
                                    "count": 263999,
                                    "self": 0.0,