{
    "name": "root",
    "gauges": {
        "FYP_Movement_1.Policy.Entropy.mean": {
            "value": 0.34489813446998596,
            "min": 0.3441004455089569,
            "max": 0.3820815980434418,
            "count": 39
        },
        "FYP_Movement_1.Policy.Entropy.sum": {
            "value": 17178.685546875,
            "min": 4391.12353515625,
            "max": 19211.271484375,
            "count": 39
        },
        "FYP_Movement_1.Environment.EpisodeLength.mean": {
            "value": 51.798097251585624,
            "min": 51.798097251585624,
            "max": 56.33865450399088,
            "count": 39
        },
        "FYP_Movement_1.Environment.EpisodeLength.sum": {
            "value": 49001.0,
            "min": 10734.0,
            "max": 49409.0,
            "count": 39
        },
        "FYP_Movement_1.Step.mean": {
            "value": 26349990.0,
            "min": 24449991.0,
            "max": 26349990.0,
            "count": 39
        },
        "FYP_Movement_1.Step.sum": {
            "value": 26349990.0,
            "min": 24449991.0,
            "max": 26349990.0,
            "count": 39
        },
        "FYP_Movement_1.Policy.ExtrinsicValueEstimate.mean": {
            "value": 0.682101309299469,
            "min": 0.4952028691768646,
            "max": 0.8379954099655151,
            "count": 39
        },
        "FYP_Movement_1.Policy.ExtrinsicValueEstimate.sum": {
            "value": 802.833251953125,
            "min": 123.80072021484375,
            "max": 971.2366943359375,
            "count": 39
        },
        "FYP_Movement_1.Environment.CumulativeReward.mean": {
            "value": 0.7892010020639503,
            "min": 0.7593773247596081,
            "max": 0.8347474779143478,
            "count": 39
        },
        "FYP_Movement_1.Environment.CumulativeReward.sum": {
            "value": 746.584147952497,
            "min": 165.28000062704086,
            "max": 770.3782899528742,
            "count": 39
        },
        "FYP_Movement_1.Policy.ExtrinsicReward.mean": {
            "value": 0.7892010020639503,
            "min": 0.7593773247596081,
            "max": 0.8347474779143478,
            "count": 39
        },
        "FYP_Movement_1.Policy.ExtrinsicReward.sum": {
            "value": 746.584147952497,
            "min": 165.28000062704086,
            "max": 770.3782899528742,
            "count": 39
        },
        "FYP_Movement_1.Losses.PolicyLoss.mean": {
            "value": 0.02163922084805866,
            "min": 0.019838774332311005,
            "max": 0.03209593061668178,
            "count": 39
        },
        "FYP_Movement_1.Losses.PolicyLoss.sum": {
            "value": 0.1081961042402933,
            "min": 0.03209593061668178,
            "max": 0.1313841074782734,
            "count": 39
        },
        "FYP_Movement_1.Losses.ValueLoss.mean": {
            "value": 0.010964425550773742,
            "min": 0.00845166976408412,
            "max": 3.010431785012285,
            "count": 39
        },
        "FYP_Movement_1.Losses.ValueLoss.sum": {
            "value": 0.05482212775386871,
            "min": 0.03380667905633648,
            "max": 3.010431785012285,
            "count": 39
        },
        "FYP_Movement_1.Policy.LearningRate.mean": {
            "value": 0.00014203049385651958,
            "min": 0.00014203049385651958,
            "max": 0.000153305400898216,
            "count": 39
        },
        "FYP_Movement_1.Policy.LearningRate.sum": {
            "value": 0.0007101524692825979,
            "min": 0.000153305400898216,
            "max": 0.0007643669332111039,
            "count": 39
        },
        "FYP_Movement_1.Policy.Epsilon.mean": {
            "value": 0.14734348040000003,
            "min": 0.14734348040000003,
            "max": 0.15110178400000002,
            "count": 39
        },
        "FYP_Movement_1.Policy.Epsilon.sum": {
            "value": 0.7367174020000001,
            "min": 0.15110178400000002,
            "max": 0.7547888960000001,
            "count": 39
        },
        "FYP_Movement_1.Policy.Beta.mean": {
            "value": 0.00237243967196,
            "min": 0.00237243967196,
            "max": 0.0025599790216000013,
            "count": 39
        },
        "FYP_Movement_1.Policy.Beta.sum": {
            "value": 0.0118621983598,
            "min": 0.0025599790216000013,
            "max": 0.0127639659104,
            "count": 39
        },
        "FYP_Movement_1.IsTraining.mean": {
            "value": 1.0,
            "min": 1.0,
            "max": 1.0,
            "count": 39
        },
        "FYP_Movement_1.IsTraining.sum": {
            "value": 1.0,
            "min": 1.0,
            "max": 1.0,
            "count": 39
        }
    },
    "metadata": {
        "timer_format_version": "0.1.0",
        "start_time_seconds": "1705519512",
        "python_version": "3.8.0 (tags/v3.8.0:fa919fd, Oct 14 2019, 19:37:50) [MSC v.1916 64 bit (AMD64)]",
        "command_line_arguments": "C:\\Users\\jackp\\Desktop\\Development\\FYP\\MLAgentsPython\\scripts\\mlagents-learn .\\config\\FYP_Movement_cfg.yaml --run-id=MoveToPointNoObstacles --resume",
        "mlagents_version": "0.29.0",
        "mlagents_envs_version": "0.29.0",
        "communication_protocol_version": "1.5.0",
        "pytorch_version": "2.1.0+cpu",
        "numpy_version": "1.21.2",
        "end_time_seconds": "1705520626"
    },
    "total": 1113.8646881,
    "count": 1,
    "self": 10.005806399999756,
    "children": {
        "run_training.setup": {
            "total": 0.08062100000000005,
            "count": 1,
            "self": 0.08062100000000005
        },
        "TrainerController.start_learning": {
            "total": 1103.7782607000001,
            "count": 1,
            "self": 2.2755295000297338,
            "children": {
                "TrainerController._reset_env": {
                    "total": 5.7220504,
                    "count": 1,
                    "self": 5.7220504
                },
                "TrainerController.advance": {
                    "total": 1095.7493168999706,
                    "count": 147504,
                    "self": 2.043496499997218,
                    "children": {
                        "env_step": {
                            "total": 725.2836644999868,
                            "count": 147504,
                            "self": 649.0219477999855,
                            "children": {
                                "SubprocessEnvManager._take_step": {
                                    "total": 74.75229440000506,
                                    "count": 147504,
                                    "self": 6.011820199988108,
                                    "children": {
                                        "TorchPolicy.evaluate": {
                                            "total": 68.74047420001695,
                                            "count": 120681,
                                            "self": 14.247508600011507,
                                            "children": {
                                                "TorchPolicy.sample_actions": {
                                                    "total": 54.49296560000544,
                                                    "count": 120681,
                                                    "self": 54.49296560000544
                                                }
                                            }
                                        }
                                    }
                                },
                                "workers": {
                                    "total": 1.5094222999962978,
                                    "count": 147503,
                                    "self": 0.0,