{
    "name": "root",
    "gauges": {
        "FYP_Movement_1.Policy.Entropy.mean": {
            "value": 5.58329963684082,
            "min": 5.468254089355469,
            "max": 5.594369888305664,
            "count": 117
        },
        "FYP_Movement_1.Policy.Entropy.sum": {
            "value": 280326.3125,
            "min": 234440.984375,
            "max": 281230.0,
            "count": 117
        },
        "FYP_Movement_1.Step.mean": {
            "value": 12699980.0,
            "min": 6899958.0,
            "max": 12699980.0,
            "count": 117
        },
        "FYP_Movement_1.Step.sum": {
            "value": 12699980.0,
            "min": 6899958.0,
            "max": 12699980.0,
            "count": 117
        },
        "FYP_Movement_1.Policy.ExtrinsicValueEstimate.mean": {
            "value": 0.42247408628463745,
            "min": 0.023779096081852913,
            "max": 0.47888582944869995,
            "count": 117
        },
        "FYP_Movement_1.Policy.ExtrinsicValueEstimate.sum": {
            "value": 378.5367736816406,
            "min": 20.02199935913086,
            "max": 444.88494873046875,
            "count": 117
        },
        "FYP_Movement_1.Environment.EpisodeLength.mean": {
            "value": 193.1,
            "min": 140.0728862973761,
            "max": 713.1641791044776,
            "count": 117
        },
        "FYP_Movement_1.Environment.EpisodeLength.sum": {
            "value": 48275.0,
            "min": 29898.0,
            "max": 54899.0,
            "count": 117
        },
        "FYP_Movement_1.Environment.CumulativeReward.mean": {
            "value": 0.7871428613502338,
            "min": -0.13694371633005864,
            "max": 0.8538607855558775,
            "count": 117
        },
        "FYP_Movement_1.Environment.CumulativeReward.sum": {
            "value": 195.9985724762082,
            "min": -9.03828527778387,
            "max": 293.33314411714673,
            "count": 117
        },
        "FYP_Movement_1.Policy.ExtrinsicReward.mean": {
            "value": 0.7871428613502338,
            "min": -0.13694371633005864,
            "max": 0.8538607855558775,
            "count": 117
        },
        "FYP_Movement_1.Policy.ExtrinsicReward.sum": {
            "value": 195.9985724762082,
            "min": -9.03828527778387,
            "max": 293.33314411714673,
            "count": 117
        },
        "FYP_Movement_1.Losses.PolicyLoss.mean": {
            "value": 0.02329904547970121,
            "min": 0.020224052218836733,
            "max": 0.02756768825502756,
            "count": 117
        },
        "FYP_Movement_1.Losses.PolicyLoss.sum": {
            "value": 0.11649522739850605,
            "min": 0.08278339793711591,
            "max": 0.1378384412751378,
            "count": 117
        },
        "FYP_Movement_1.Losses.ValueLoss.mean": {
            "value": 0.006145665549362699,
            "min": 0.004481290133747582,
            "max": 0.016143502530952297,
            "count": 117
        },
        "FYP_Movement_1.Losses.ValueLoss.sum": {
            "value": 0.030728327746813496,
            "min": 0.02117149077045421,
            "max": 0.08071751265476149,
            "count": 117
        },
        "FYP_Movement_1.Policy.LearningRate.mean": {
            "value": 0.00022395145934952197,
            "min": 0.00022395145934952197,
            "max": 0.000258699304766903,
            "count": 117
        },
        "FYP_Movement_1.Policy.LearningRate.sum": {
            "value": 0.0011197572967476099,
            "min": 0.0009006145177951942,
            "max": 0.0012908732137089517,
            "count": 117
        },
        "FYP_Movement_1.Policy.Epsilon.mean": {
            "value": 0.174650478,
            "min": 0.174650478,
            "max": 0.18623309699999996,
            "count": 117
        },
        "FYP_Movement_1.Policy.Epsilon.sum": {
            "value": 0.87325239,
            "min": 0.7002048059999999,
            "max": 0.9302910480000004,
            "count": 117
        },
        "FYP_Movement_1.Policy.Beta.mean": {
            "value": 0.003735058852200002,
            "min": 0.003735058852200002,
            "max": 0.004313031540300001,
            "count": 117
        },
        "FYP_Movement_1.Policy.Beta.sum": {
            "value": 0.01867529426100001,
            "min": 0.015020219819399999,
            "max": 0.021521523295199997,
            "count": 117
        },
        "FYP_Movement_1.IsTraining.mean": {
            "value": 1.0,
            "min": 1.0,
            "max": 1.0,
            "count": 117
        },
        "FYP_Movement_1.IsTraining.sum": {
            "value": 1.0,
            "min": 1.0,
            "max": 1.0,
            "count": 117
        }
    },
    "metadata": {
        "timer_format_version": "0.1.0",
        "start_time_seconds": "1708287523",
        "python_version": "3.8.0 (tags/v3.8.0:fa919fd, Oct 14 2019, 19:37:50) [MSC v.1916 64 bit (AMD64)]",
        "command_line_arguments": "C:\\Users\\jackp\\Desktop\\Development\\FYP\\MLAgentsPython\\Scripts\\mlagents-learn .\\config\\FYP_Movement_cfg.yaml --run-id=MoveToPointWithObstacles --resume",
        "mlagents_version": "0.29.0",
        "mlagents_envs_version": "0.29.0",
        "communication_protocol_version": "1.5.0",
        "pytorch_version": "2.1.0+cpu",
        "numpy_version": "1.21.2",
        "end_time_seconds": "1708293436"
    },
    "total": 5912.7132035,
    "count": 1,
    "self": 10.006697599999825,
    "children": {
        "run_training.setup": {
            "total": 0.09832670000000032,
            "count": 1,
            "self": 0.09832670000000032
        },
        "TrainerController.start_learning": {
            "total": 5902.6081792,
            "count": 1,
            "self": 7.018925500030491,
            "children": {
                "TrainerController._reset_env": {
                    "total": 13.790378,
                    "count": 1,
                    "self": 13.790378
                },
                "TrainerController.advance": {
                    "total": 5881.690649199971,
                    "count": 383790,
                    "self": 6.567649000200618,
                    "children": {
                        "env_step": {
                            "total": 3733.217638299891,
                            "count": 383790,
                            "self": 2954.1668994999654,
                            "children": {
                                "SubprocessEnvManager._take_step": {
                                    "total": 774.5046493999816,
                                    "count": 383790,
                                    "self": 18.852568599878737,
                                    "children": {
                                        "TorchPolicy.evaluate": {
                                            "total": 755.6520808001029,
                                            "count": 365794,
                                            "self": 115.49890900020785,
                                            "children": {
                                                "TorchPolicy.sample_actions": {
                                                    "total": 640.1531717998951,
                                                    "count": 365794,
                                                    "self": 640.1531717998951
                                                }
                                            }
                                        }
                                    }
                                },
                                "workers": {
                                    "total": 4.546089399944034,
                                    "count": 383789,
                                    "self": 0.0,