{
    "name": "root",
    "gauges": {
        "FYP_Movement_1.Policy.Entropy.mean": {
            "value": 5.528473854064941,
            "min": 5.528473854064941,
            "max": 5.528473854064941,
            "count": 1
        },
        "FYP_Movement_1.Policy.Entropy.sum": {
            "value": 124899.28125,
            "min": 124899.28125,
            "max": 124899.28125,
            "count": 1
        },
        "FYP_Movement_1.Environment.EpisodeLength.mean": {
            "value": 426.60526315789474,
            "min": 426.60526315789474,
            "max": 426.60526315789474,
            "count": 1
        },
        "FYP_Movement_1.Environment.EpisodeLength.sum": {
            "value": 16211.0,
            "min": 16211.0,
            "max": 16211.0,
            "count": 1
        },
        "FYP_Movement_1.Step.mean": {
            "value": 15649937.0,
            "min": 15649937.0,
            "max": 15649937.0,
            "count": 1
        },
        "FYP_Movement_1.Step.sum": {
            "value": 15649937.0,
            "min": 15649937.0,
            "max": 15649937.0,
            "count": 1
        },
        "FYP_Movement_1.Policy.ExtrinsicValueEstimate.mean": {
            "value": 0.2752034068107605,
            "min": 0.2752034068107605,
            "max": 0.2752034068107605,
            "count": 1
        },
        "FYP_Movement_1.Policy.ExtrinsicValueEstimate.sum": {
            "value": 99.34843444824219,
            "min": 99.34843444824219,
            "max": 99.34843444824219,
            "count": 1
        },
        "FYP_Movement_1.Environment.CumulativeReward.mean": {
            "value": -0.6736541267876562,
            "min": -0.6736541267876562,
            "max": -0.6736541267876562,
            "count": 1
        },
        "FYP_Movement_1.Environment.CumulativeReward.sum": {
            "value": -25.598856817930937,
            "min": -25.598856817930937,
            "max": -25.598856817930937,
            "count": 1
        },
        "FYP_Movement_1.Policy.ExtrinsicReward.mean": {
            "value": -0.6736541267876562,
            "min": -0.6736541267876562,
            "max": -0.6736541267876562,
            "count": 1
        },
        "FYP_Movement_1.Policy.ExtrinsicReward.sum": {
            "value": -25.598856817930937,
            "min": -25.598856817930937,
            "max": -25.598856817930937,
            "count": 1
        },
        "FYP_Movement_1.Losses.PolicyLoss.mean": {
            "value": 0.022483932219135264,
            "min": 0.022483932219135264,
            "max": 0.022483932219135264,
            "count": 1
        },
        "FYP_Movement_1.Losses.PolicyLoss.sum": {
            "value": 0.04496786443827053,
            "min": 0.04496786443827053,
            "max": 0.04496786443827053,
            "count": 1
        },
        "FYP_Movement_1.Losses.ValueLoss.mean": {
            "value": 0.016044599066178004,
            "min": 0.016044599066178004,
            "max": 0.016044599066178004,
            "count": 1
        },
        "FYP_Movement_1.Losses.ValueLoss.sum": {
            "value": 0.03208919813235601,
            "min": 0.03208919813235601,
            "max": 0.03208919813235601,
            "count": 1
        },
        "FYP_Movement_1.Policy.LearningRate.mean": {
            "value": 0.00020614162028613703,
            "min": 0.00020614162028613703,
            "max": 0.00020614162028613703,
            "count": 1
        },
        "FYP_Movement_1.Policy.LearningRate.sum": {
            "value": 0.00041228324057227407,
            "min": 0.00041228324057227407,
            "max": 0.00041228324057227407,
            "count": 1
        },
        "FYP_Movement_1.Policy.Epsilon.mean": {
            "value": 0.16871386299999996,
            "min": 0.16871386299999996,
            "max": 0.16871386299999996,
            "count": 1
        },
        "FYP_Movement_1.Policy.Epsilon.sum": {
            "value": 0.33742772599999993,
            "min": 0.33742772599999993,
            "max": 0.33742772599999993,
            "count": 1
        },
        "FYP_Movement_1.Policy.Beta.mean": {
            "value": 0.0034388217637000007,
            "min": 0.0034388217637000007,
            "max": 0.0034388217637000007,
            "count": 1
        },
        "FYP_Movement_1.Policy.Beta.sum": {
            "value": 0.006877643527400001,
            "min": 0.006877643527400001,
            "max": 0.006877643527400001,
            "count": 1
        },
        "FYP_Movement_1.IsTraining.mean": {
            "value": 1.0,
            "min": 1.0,
            "max": 1.0,
            "count": 1
        },
        "FYP_Movement_1.IsTraining.sum": {
            "value": 1.0,
            "min": 1.0,
            "max": 1.0,
            "count": 1
        }
    },
    "metadata": {
        "timer_format_version": "0.1.0",
        "start_time_seconds": "1708893566",
        "python_version": "3.8.0 (tags/v3.8.0:fa919fd, Oct 14 2019, 19:37:50) [MSC v.1916 64 bit (AMD64)]",
        "command_line_arguments": "C:\\Users\\jackp\\Desktop\\Development\\FYP\\MLAgentsPython\\Scripts\\mlagents-learn .\\config\\FYP_Movement_cfg.yaml --run-id=MoveToPointWithObstacles --resume",
        "mlagents_version": "0.29.0",
        "mlagents_envs_version": "0.29.0",
        "communication_protocol_version": "1.5.0",
        "pytorch_version": "2.1.0+cpu",
        "numpy_version": "1.21.2",
        "end_time_seconds": "1708893612"
    },
    "total": 45.5817924,
    "count": 1,
    "self": 0.006183099999994113,
    "children": {
        "run_training.setup": {
            "total": 0.10459430000000003,
            "count": 1,
            "self": 0.10459430000000003
        },
        "TrainerController.start_learning": {
            "total": 45.471015,
            "count": 1,
            "self": 0.030650599999951567,
            "children": {
                "TrainerController._reset_env": {
                    "total": 17.0433744,
                    "count": 1,
                    "self": 17.0433744
                },
                "TrainerController.advance": {
                    "total": 28.251051900000057,
                    "count": 1691,
                    "self": 0.028710200000070074,
                    "children": {
                        "env_step": {
                            "total": 20.416290099999912,
                            "count": 1691,
                            "self": 16.802186599999946,
                            "children": {
                                "SubprocessEnvManager._take_step": {
                                    "total": 3.593886800000014,
                                    "count": 1691,
                                    "self": 0.086939100000059,
                                    "children": {
                                        "TorchPolicy.evaluate": {
                                            "total": 3.506947699999955,
                                            "count": 1661,
                                            "self": 0.550969500000047,
                                            "children": {
                                                "TorchPolicy.sample_actions": {
                                                    "total": 2.955978199999908,
                                                    "count": 1661,
                                                    "self": 2.955978199999908
                                                }
                                            }
                                        }
                                    }
                                },
                                "workers": {
                                    "total": 0.02021669999995268,
                                    "count": 1690,
                                    "self": 0.0,