{
    "name": "root",
    "gauges": {
        "FYP_Movement_1.Policy.Entropy.mean": {
            "value": 1.0302189588546753,
            "min": 1.0302189588546753,
            "max": 1.2263529300689697,
            "count": 91
        },
        "FYP_Movement_1.Policy.Entropy.sum": {
            "value": 51609.8515625,
            "min": 50682.71484375,
            "max": 61220.04296875,
            "count": 91
        },
        "FYP_Movement_1.Environment.EpisodeLength.mean": {
            "value": 57.96389891696751,
            "min": 56.49078341013825,
            "max": 78.8344262295082,
            "count": 91
        },
        "FYP_Movement_1.Environment.EpisodeLength.sum": {
            "value": 48168.0,
            "min": 39188.0,
            "max": 51945.0,
            "count": 91
        },
        "FYP_Movement_1.Step.mean": {
            "value": 11049961.0,
            "min": 6549964.0,
            "max": 11049961.0,
            "count": 91
        },
        "FYP_Movement_1.Step.sum": {
            "value": 11049961.0,
            "min": 6549964.0,
            "max": 11049961.0,
            "count": 91
        },
        "FYP_Movement_1.Policy.ExtrinsicValueEstimate.mean": {
            "value": 0.48512184619903564,
            "min": 0.19946511089801788,
            "max": 0.6152933835983276,
            "count": 91
        },
        "FYP_Movement_1.Policy.ExtrinsicValueEstimate.sum": {
            "value": 602.0361938476562,
            "min": 238.36080932617188,
            "max": 735.890869140625,
            "count": 91
        },
        "FYP_Movement_1.Environment.CumulativeReward.mean": {
            "value": 0.6601070624787405,
            "min": 0.48548255218683106,
            "max": 0.6958476531844918,
            "count": 91
        },
        "FYP_Movement_1.Environment.CumulativeReward.sum": {
            "value": 547.8888618573546,
            "min": 258.2767177633941,
            "max": 566.5025783665478,
            "count": 91
        },
        "FYP_Movement_1.Policy.ExtrinsicReward.mean": {
            "value": 0.6601070624787405,
            "min": 0.48548255218683106,
            "max": 0.6958476531844918,
            "count": 91
        },
        "FYP_Movement_1.Policy.ExtrinsicReward.sum": {
            "value": 547.8888618573546,
            "min": 258.2767177633941,
            "max": 566.5025783665478,
            "count": 91
        },
        "FYP_Movement_1.Losses.PolicyLoss.mean": {
            "value": 0.02241268390835103,
            "min": 0.020521999069169395,
            "max": 0.027698898025167486,
            "count": 91
        },
        "FYP_Movement_1.Losses.PolicyLoss.sum": {
            "value": 0.11206341954175514,
            "min": 0.0774819198707822,
            "max": 0.13849449012583742,
            "count": 91
        },
        "FYP_Movement_1.Losses.ValueLoss.mean": {
            "value": 0.01917448377236724,
            "min": 0.01560764041884492,
            "max": 0.05485154815018176,
            "count": 91
        },
        "FYP_Movement_1.Losses.ValueLoss.sum": {
            "value": 0.09587241886183619,
            "min": 0.06243056167537968,
            "max": 0.2742577407509088,
            "count": 91
        },
        "FYP_Movement_1.Policy.LearningRate.mean": {
            "value": 0.0002338371964542752,
            "min": 0.0002338371964542752,
            "max": 0.00026082232305922994,
            "count": 91
        },
        "FYP_Movement_1.Policy.LearningRate.sum": {
            "value": 0.0011691859822713759,
            "min": 0.0007824669691776898,
            "max": 0.0013028787057071198,
            "count": 91
        },
        "FYP_Movement_1.Policy.Epsilon.mean": {
            "value": 0.1779457248,
            "min": 0.1779457248,
            "max": 0.18694077,
            "count": 91
        },
        "FYP_Movement_1.Policy.Epsilon.sum": {
            "value": 0.8897286240000001,
            "min": 0.56082231,
            "max": 0.9342928799999999,
            "count": 91
        },
        "FYP_Movement_1.Policy.Beta.mean": {
            "value": 0.0038994916675200004,
            "min": 0.0038994916675200004,
            "max": 0.004348344422999999,
            "count": 91
        },
        "FYP_Movement_1.Policy.Beta.sum": {
            "value": 0.019497458337600002,
            "min": 0.013045033268999999,
            "max": 0.021721214711999993,
            "count": 91
        },
        "FYP_Movement_1.IsTraining.mean": {
            "value": 1.0,
            "min": 1.0,
            "max": 1.0,
            "count": 91
        },
        "FYP_Movement_1.IsTraining.sum": {
            "value": 1.0,
            "min": 1.0,
            "max": 1.0,
            "count": 91
        }
    },
    "metadata": {
        "timer_format_version": "0.1.0",
        "start_time_seconds": "1705521605",
        "python_version": "3.8.0 (tags/v3.8.0:fa919fd, Oct 14 2019, 19:37:50) [MSC v.1916 64 bit (AMD64)]",
        "command_line_arguments": "C:\\Users\\jackp\\Desktop\\Development\\FYP\\MLAgentsPython\\scripts\\mlagents-learn .\\config\\FYP_Movement_cfg.yaml --run-id=ExtendedMovementTest --resume",
        "mlagents_version": "0.29.0",
        "mlagents_envs_version": "0.29.0",
        "communication_protocol_version": "1.5.0",
        "pytorch_version": "2.1.0+cpu",
        "numpy_version": "1.21.2",
        "end_time_seconds": "1705524010"
    },
    "total": 2404.4023431,
    "count": 1,
    "self": 0.004508299999997689,
    "children": {
        "run_training.setup": {
            "total": 0.0814397,
            "count": 1,
            "self": 0.0814397
        },
        "TrainerController.start_learning": {
            "total": 2404.3163951,
            "count": 1,
            "self": 4.440690499976881,
            "children": {
                "TrainerController._reset_env": {
                    "total": 19.7078535,
                    "count": 1,
                    "self": 19.7078535
                },
                "TrainerController.advance": {
                    "total": 2380.134384000023,
                    "count": 336354,
                    "self": 4.102825699953883,
                    "children": {
                        "env_step": {
                            "total": 1565.6366467000094,
                            "count": 336354,
                            "self": 1407.2788517999822,
                            "children": {
                                "SubprocessEnvManager._take_step": {
                                    "total": 155.38292410005042,
                                    "count": 336354,
                                    "self": 12.41333389999454,
                                    "children": {
                                        "TorchPolicy.evaluate": {
                                            "total": 142.96959020005588,
                                            "count": 284324,
                                            "self": 29.17963390004563,
                                            "children": {
                                                "TorchPolicy.sample_actions": {
                                                    "total": 113.78995630001025,
                                                    "count": 284324,
                                                    "self": 113.78995630001025
                                                }
                                            }
                                        }
                                    }
                                },
                                "workers": {
                                    "total": 2.9748707999767063,
                                    "count": 336353,
                                    "self": 0.0,