{"count":1,"self":711.78373119999992,"total":4080.8055412,"children":{"InitializeActuators":{"count":16,"self":0.0019928999999999997,"total":0.0019928999999999997,"children":null},"InitializeSensors":{"count":16,"self":0.0030036,"total":0.0030036,"children":null},"AgentSendState":{"count":1262717,"self":213.087552,"total":294.3284523,"children":{"CollectObservations":{"count":4040704,"self":5.8172196,"total":5.8172197,"children":null},"WriteActionMask":{"count":4040704,"self":2.0973858,"total":2.0973858,"children":null},"RequestDecision":{"count":4040704,"self":9.3283823999999989,"total":73.3262953,"children":{"AgentInfo.ToProto":{"count":4040704,"self":6.6282612,"total":63.9979127,"children":{"GenerateSensorData":{"count":4040704,"self":42.7953632,"total":57.3696516,"children":{"RayPerceptionSensor.Perceive":{"count":12122112,"self":14.574288,"total":14.5742885,"children":null}}}}}}}}},"DecideAction":{"count":1262717,"self":3026.1915648,"total":3026.1915461999997,"children":null},"AgentAct":{"count":1262717,"self":48.256233599999995,"total":48.3073823,"children":{"AgentInfo.ToProto":{"count":1822,"self":0.0070136999999999994,"total":0.051148599999999995,"children":{"GenerateSensorData":{"count":1822,"self":0.0350086,"total":0.0441349,"children":{"RayPerceptionSensor.Perceive":{"count":5466,"self":0.0091263,"total":0.0091263,"children":null}}}}}}},"AgentInfo.ToProto":{"count":6594,"self":0.0306331,"total":0.1884446,"children":{"GenerateSensorData":{"count":6594,"self":0.1137397,"total":0.1578115,"children":{"RayPerceptionSensor.Perceive":{"count":19782,"self":0.0440718,"total":0.0440718,"children":null}}}}}},"gauges":{"FYP_Movement_1.CumulativeReward":{"count":8416,"max":0.986,"min":-2.02156472,"runningAverage":0.140255049,"value":-1.000028,"weightedAverage":-0.0899185538}},"metadata":{"timer_format_version":"0.1.0","start_time_seconds":"1708209614","unity_version":"2022.3.16f1","command_line_arguments":"C:\\Program Files\\Unity\\Hub\\Editor\\2022.3.16f1\\Editor\\Unity.exe -projectpath C:\\Users\\jackp\\Desktop\\Development\\FYP -useHub -hubIPC -cloudEnvironment production -licensingIpc LicenseClient-jackp -hubSessionId ab2432b4-2a02-4a9f-8bc1-ae05c78499a3 -accessToken 6hMgWqE_KhJ8lH16ck1RWyrs4v640ayu8NyiRiipXq8005f","communication_protocol_version":"1.5.0","com.unity.ml-agents_version":"2.0.1","scene_name":"MoveToTargetNoObstacles","end_time_seconds":"1708213694"}}