{"count":1,"self":255.7875968,"total":1674.8500979,"children":{"InitializeActuators":{"count":6,"self":0.0020088,"total":0.0020088,"children":null},"InitializeSensors":{"count":6,"self":0.0029923999999999997,"total":0.0029923999999999997,"children":null},"AgentSendState":{"count":661517,"self":69.056767999999991,"total":94.909522799999991,"children":{"CollectObservations":{"count":793824,"self":1.644348,"total":1.644348,"children":null},"WriteActionMask":{"count":793824,"self":0.7735633,"total":0.7735633,"children":null},"RequestDecision":{"count":793824,"self":3.0220911999999998,"total":23.4348441,"children":{"AgentInfo.ToProto":{"count":793824,"self":2.265078,"total":20.4127528,"children":{"GenerateSensorData":{"count":793824,"self":13.0920464,"total":18.1476747,"children":{"RayPerceptionSensor.Perceive":{"count":2381472,"self":5.055628,"total":5.0556281,"children":null}}}}}}}}},"DecideAction":{"count":661517,"self":1305.5684608,"total":1305.5684754,"children":null},"AgentAct":{"count":661517,"self":18.447052799999998,"total":18.4570337,"children":{"AgentInfo.ToProto":{"count":182,"self":0.000997,"total":0.0099800999999999987,"children":{"GenerateSensorData":{"count":182,"self":0.0069869999999999993,"total":0.0089830999999999991,"children":{"RayPerceptionSensor.Perceive":{"count":546,"self":0.0019961,"total":0.0019961,"children":null}}}}}}},"AgentInfo.ToProto":{"count":3154,"self":0.0214813,"total":0.12247229999999999,"children":{"GenerateSensorData":{"count":3154,"self":0.0669623,"total":0.100991,"children":{"RayPerceptionSensor.Perceive":{"count":9462,"self":0.034028699999999995,"total":0.034028699999999995,"children":null}}}}}},"gauges":{"FYP_Movement_1.CumulativeReward":{"count":3336,"max":1.47828794,"min":-4.90153551,"runningAverage":0.482017815,"value":0.347866058,"weightedAverage":0.5291549}},"metadata":{"timer_format_version":"0.1.0","start_time_seconds":"1713349704","unity_version":"2022.3.16f1","command_line_arguments":"C:\\Program Files\\Unity\\Hub\\Editor\\2022.3.16f1\\Editor\\Unity.exe -projectpath C:\\Users\\Jack\\Desktop\\FYP -useHub -hubIPC -cloudEnvironment production -licensingIpc LicenseClient-Jack -hubSessionId b1d3a4a6-683a-469e-8568-49af342f3354 -accessToken 2lga3vP9-z6n68_o9U8Rh6nhnouDW7YZxAjzjVMrmEs005f","communication_protocol_version":"1.5.0","com.unity.ml-agents_version":"2.0.1","scene_name":"MoveToTargetNoObstacles","end_time_seconds":"1713351379"}}