{"count":1,"self":810.66859519999991,"total":5500.4623229,"children":{"InitializeActuators":{"count":6,"self":0.0019947999999999997,"total":0.0019947999999999997,"children":null},"InitializeSensors":{"count":6,"self":0.0029919,"total":0.0029919,"children":null},"AgentSendState":{"count":2217317,"self":237.6523776,"total":323.6133369,"children":{"CollectObservations":{"count":2660784,"self":5.6876723999999994,"total":5.6876723999999994,"children":null},"WriteActionMask":{"count":2660784,"self":2.3133182,"total":2.3133182,"children":null},"RequestDecision":{"count":2660784,"self":10.019271999999999,"total":77.95996079999999,"children":{"AgentInfo.ToProto":{"count":2660784,"self":7.6765184,"total":67.9406884,"children":{"GenerateSensorData":{"count":2660784,"self":43.5069632,"total":60.264170299999996,"children":{"RayPerceptionSensor.Perceive":{"count":7982352,"self":16.757206399999998,"total":16.7572069,"children":null}}}}}}}}},"DecideAction":{"count":2217317,"self":4306.313216,"total":4306.3131991,"children":null},"AgentAct":{"count":2217317,"self":59.6249216,"total":59.6757463,"children":{"AgentInfo.ToProto":{"count":1358,"self":0.0079873,"total":0.050822799999999994,"children":{"GenerateSensorData":{"count":1358,"self":0.0318412,"total":0.0428355,"children":{"RayPerceptionSensor.Perceive":{"count":4074,"self":0.0109943,"total":0.0109943,"children":null}}}}}}},"AgentInfo.ToProto":{"count":4355,"self":0.0414536,"total":0.18544629999999998,"children":{"GenerateSensorData":{"count":4355,"self":0.1060855,"total":0.1439927,"children":{"RayPerceptionSensor.Perceive":{"count":13065,"self":0.037907199999999995,"total":0.037907199999999995,"children":null}}}}}},"gauges":{"FYP_Movement_1.CumulativeReward":{"count":5713,"max":1.67928362,"min":-5.097704,"runningAverage":-0.255885452,"value":0.354009449,"weightedAverage":-0.6058995}},"metadata":{"timer_format_version":"0.1.0","start_time_seconds":"1713199562","unity_version":"2022.3.16f1","command_line_arguments":"C:\\Program Files\\Unity\\Hub\\Editor\\2022.3.16f1\\Editor\\Unity.exe -projectpath C:\\Users\\Jack\\Desktop\\FYP -useHub -hubIPC -cloudEnvironment production -licensingIpc LicenseClient-Jack -hubSessionId d74513c8-d898-4757-a6d9-262f2e7b3aa3 -accessToken EdDv8gPjFG1bvDtUSrVn7Cqw-8SlxwWj3HWjwCpHU-s005f","communication_protocol_version":"1.5.0","com.unity.ml-agents_version":"2.0.1","scene_name":"MoveToTargetNoObstacles","end_time_seconds":"1713205063"}}