{"count":1,"self":4.8556456,"total":24.4069956,"children":{"InitializeActuators":{"count":16,"self":0.0020266,"total":0.0020266,"children":null},"InitializeSensors":{"count":16,"self":0.0029849,"total":0.0029849,"children":null},"AgentSendState":{"count":6584,"self":1.3060855,"total":1.7428398999999999,"children":{"CollectObservations":{"count":21072,"self":0.0226653,"total":0.0226653,"children":null},"WriteActionMask":{"count":21072,"self":0.0156699,"total":0.0156699,"children":null},"RequestDecision":{"count":21072,"self":0.046754699999999996,"total":0.3984192,"children":{"AgentInfo.ToProto":{"count":21072,"self":0.030829199999999998,"total":0.3516645,"children":{"GenerateSensorData":{"count":21072,"self":0.2365966,"total":0.3208353,"children":{"RayPerceptionSensor.Perceive":{"count":63216,"self":0.0842387,"total":0.0842387,"children":null}}}}}}}}},"DecideAction":{"count":6584,"self":17.511417599999998,"total":17.511417899999998,"children":null},"AgentAct":{"count":6584,"self":0.28654969999999996,"total":0.28654969999999996,"children":null},"AgentInfo.ToProto":{"count":179,"self":0.0010333,"total":0.0040251,"children":{"GenerateSensorData":{"count":179,"self":0.0019951,"total":0.0029917999999999998,"children":{"RayPerceptionSensor.Perceive":{"count":537,"self":0.00099669999999999989,"total":0.00099669999999999989,"children":null}}}}}},"gauges":{"FYP_Movement_1.CumulativeReward":{"count":179,"max":0.9835714,"min":-1.1318574,"runningAverage":0.869488537,"value":0.957285643,"weightedAverage":0.932452559}},"metadata":{"timer_format_version":"0.1.0","start_time_seconds":"1712522235","unity_version":"2022.3.16f1","command_line_arguments":"C:\\Program Files\\Unity\\Hub\\Editor\\2022.3.16f1\\Editor\\Unity.exe -projectpath C:\\Users\\jackp\\Desktop\\Development\\FYP -useHub -hubIPC -cloudEnvironment production -licensingIpc LicenseClient-jackp -hubSessionId 5d124d45-6b0c-436b-8d50-0e92047e2077 -accessToken 0qr4w84htmi5d2d3u0zhZVDEStLXXgXoa4l51_4vLJU005f","communication_protocol_version":"1.5.0","com.unity.ml-agents_version":"2.0.1","scene_name":"MoveToTargetNoObstacles","end_time_seconds":"1712522259"}}