{"count":1,"self":459.1326208,"total":2685.5156926,"children":{"InitializeActuators":{"count":16,"self":0.0015065999999999999,"total":0.0015065999999999999,"children":null},"InitializeSensors":{"count":16,"self":0.0009964,"total":0.0009964,"children":null},"AgentSendState":{"count":857284,"self":168.43295999999998,"total":224.4837939,"children":{"CollectObservations":{"count":2743312,"self":3.5791711999999998,"total":3.5791711,"children":null},"WriteActionMask":{"count":2743312,"self":1.3295647,"total":1.3295647,"children":null},"RequestDecision":{"count":2743312,"self":5.885822,"total":51.1420975,"children":{"AgentInfo.ToProto":{"count":2743312,"self":4.4049771999999994,"total":45.2562754,"children":{"GenerateSensorData":{"count":2743312,"self":29.0867616,"total":40.8512981,"children":{"RayPerceptionSensor.Perceive":{"count":8229936,"self":11.764537599999999,"total":11.764538,"children":null}}}}}}}}},"DecideAction":{"count":857284,"self":1970.187264,"total":1970.1871703,"children":null},"AgentAct":{"count":857284,"self":31.351148799999997,"total":31.368935299999997,"children":{"AgentInfo.ToProto":{"count":769,"self":0.0009925,"total":0.0177864,"children":{"GenerateSensorData":{"count":769,"self":0.0112847,"total":0.0167939,"children":{"RayPerceptionSensor.Perceive":{"count":2307,"self":0.0055092,"total":0.0055092,"children":null}}}}}}},"AgentInfo.ToProto":{"count":10390,"self":0.0549573,"total":0.33915809999999996,"children":{"GenerateSensorData":{"count":10390,"self":0.1980728,"total":0.2842008,"children":{"RayPerceptionSensor.Perceive":{"count":31170,"self":0.086128,"total":0.086128,"children":null}}}}}},"gauges":{"FYP_Movement_1.CumulativeReward":{"count":11159,"max":0.989714265,"min":-2.33189678,"runningAverage":0.6365984,"value":0.9437142,"weightedAverage":0.940839648}},"metadata":{"timer_format_version":"0.1.0","start_time_seconds":"1712089050","unity_version":"2022.3.16f1","command_line_arguments":"C:\\Program Files\\Unity\\Hub\\Editor\\2022.3.16f1\\Editor\\Unity.exe -projectpath C:\\Users\\jackp\\Desktop\\Development\\FYP -useHub -hubIPC -cloudEnvironment production -licensingIpc LicenseClient-jackp -hubSessionId 118c4265-fa7d-4650-973f-8a479d3603fc -accessToken S0jQfosZ6lOJt31l1EE0WLKN5pq8P5LChRDYfC851Fk005f","communication_protocol_version":"1.5.0","com.unity.ml-agents_version":"2.0.1","scene_name":"MoveToTargetNoObstacles","end_time_seconds":"1712091736"}}