{"count":1,"self":8198.7059712,"total":36720.3828089,"children":{"InitializeActuators":{"count":9,"self":0.0010016,"total":0.0010016,"children":null},"InitializeSensors":{"count":9,"self":0.0010011,"total":0.0010011,"children":null},"AgentSendState":{"count":17493118,"self":2126.3654911999997,"total":2722.6215367,"children":{"CollectObservations":{"count":31487616,"self":52.921375999999995,"total":52.921374899999996,"children":null},"WriteActionMask":{"count":31487616,"self":14.505428799999999,"total":14.5054284,"children":null},"RequestDecision":{"count":31487616,"self":67.2039616,"total":528.8293311,"children":{"AgentInfo.ToProto":{"count":31487616,"self":49.92912,"total":461.6253667,"children":{"GenerateSensorData":{"count":31487616,"self":309.91854079999996,"total":411.6962468,"children":{"RayPerceptionSensor.Perceive":{"count":94462848,"self":101.7777024,"total":101.7777034,"children":null}}}}}}}}},"DecideAction":{"count":17493118,"self":25453.0994176,"total":25453.100199599998,"children":null},"AgentAct":{"count":17493118,"self":345.332608,"total":345.5625002,"children":{"AgentInfo.ToProto":{"count":11033,"self":0.0352721,"total":0.22988519999999998,"children":{"GenerateSensorData":{"count":11033,"self":0.1565163,"total":0.19461309999999998,"children":{"RayPerceptionSensor.Perceive":{"count":33099,"self":0.0380968,"total":0.0380968,"children":null}}}}}}},"AgentInfo.ToProto":{"count":17546,"self":0.071642299999999992,"total":0.388852,"children":{"GenerateSensorData":{"count":17546,"self":0.24214829999999998,"total":0.3172097,"children":{"RayPerceptionSensor.Perceive":{"count":52638,"self":0.0750614,"total":0.0750614,"children":null}}}}}},"gauges":{"FYP_Movement_1.CumulativeReward":{"count":28579,"max":1.48709786,"min":-4.96550846,"runningAverage":-0.77588433,"value":-1.00005352,"weightedAverage":-0.8492527}},"metadata":{"timer_format_version":"0.1.0","start_time_seconds":"1711497472","unity_version":"2022.3.16f1","command_line_arguments":"C:\\Program Files\\Unity\\Hub\\Editor\\2022.3.16f1\\Editor\\Unity.exe -projectpath C:\\Users\\jackp\\Desktop\\Development\\FYP -useHub -hubIPC -cloudEnvironment production -licensingIpc LicenseClient-jackp -hubSessionId 66fe06b1-334b-4c01-afe1-127a99ac09be -accessToken 9AJCyn7L9yL5vr2j1cYCLhS7JrDKAAttzoYftT8OdOw005f","communication_protocol_version":"1.5.0","com.unity.ml-agents_version":"2.0.1","scene_name":"MoveToTargetExpandedMovement","end_time_seconds":"1711534193"}}