{"count":1,"self":753.5358464,"total":4300.120938,"children":{"InitializeActuators":{"count":16,"self":0.0015137999999999998,"total":0.0015137999999999998,"children":null},"InitializeSensors":{"count":16,"self":0.0010267,"total":0.0010267,"children":null},"AgentSendState":{"count":1302651,"self":270.56967679999997,"total":354.3555222,"children":{"CollectObservations":{"count":4168496,"self":5.9937711999999994,"total":5.993771,"children":null},"WriteActionMask":{"count":4168496,"self":2.2560428,"total":2.2560428999999997,"children":null},"RequestDecision":{"count":4168496,"self":9.420941599999999,"total":75.536036,"children":{"AgentInfo.ToProto":{"count":4168496,"self":6.9011344,"total":66.1150944,"children":{"GenerateSensorData":{"count":4168496,"self":44.2880288,"total":59.2139598,"children":{"RayPerceptionSensor.Perceive":{"count":12505488,"self":14.925931199999999,"total":14.925931299999998,"children":null}}}}}}}}},"DecideAction":{"count":1302651,"self":3141.1462143999997,"total":3141.1462564,"children":null},"AgentAct":{"count":1302651,"self":50.6400672,"total":50.6673356,"children":{"AgentInfo.ToProto":{"count":1038,"self":0.0061305,"total":0.0272694,"children":{"GenerateSensorData":{"count":1038,"self":0.0162609,"total":0.0211389,"children":{"RayPerceptionSensor.Perceive":{"count":3114,"self":0.0048779999999999995,"total":0.0048779999999999995,"children":null}}}}}}},"AgentInfo.ToProto":{"count":15148,"self":0.0792997,"total":0.4124639,"children":{"GenerateSensorData":{"count":15148,"self":0.2565446,"total":0.33316419999999997,"children":{"RayPerceptionSensor.Perceive":{"count":45444,"self":0.0766196,"total":0.0766196,"children":null}}}}}},"gauges":{"FYP_Movement_1.CumulativeReward":{"count":16186,"max":0.9894286,"min":-2.87458515,"runningAverage":0.552000463,"value":0.874999762,"weightedAverage":0.9124391}},"metadata":{"timer_format_version":"0.1.0","start_time_seconds":"1708893622","unity_version":"2022.3.16f1","command_line_arguments":"C:\\Program Files\\Unity\\Hub\\Editor\\2022.3.16f1\\Editor\\Unity.exe -projectpath C:\\Users\\jackp\\Desktop\\Development\\FYP -useHub -hubIPC -cloudEnvironment production -licensingIpc LicenseClient-jackp -hubSessionId 41927606-7a02-4983-a181-4adec2027b3b -accessToken cn99IFgS9eXxt2iPG6w_DjgojNWa_N_GeXxN37aiIFA005f","communication_protocol_version":"1.5.0","com.unity.ml-agents_version":"2.0.1","scene_name":"MoveToTargetNoObstacles","end_time_seconds":"1708897922"}}