{"count":1,"self":11.2179672,"total":62.1583494,"children":{"InitializeActuators":{"count":16,"self":0.0015038999999999999,"total":0.0015038999999999999,"children":null},"InitializeSensors":{"count":16,"self":0.0025047999999999997,"total":0.0025047999999999997,"children":null},"AgentSendState":{"count":21351,"self":4.0202523999999995,"total":5.1937317,"children":{"CollectObservations":{"count":68336,"self":0.0821682,"total":0.0821682,"children":null},"WriteActionMask":{"count":68336,"self":0.0286541,"total":0.0286541,"children":null},"RequestDecision":{"count":68336,"self":0.1347747,"total":1.062657,"children":{"AgentInfo.ToProto":{"count":68336,"self":0.1063209,"total":0.92788229999999994,"children":{"GenerateSensorData":{"count":68336,"self":0.61741459999999992,"total":0.8215614,"children":{"RayPerceptionSensor.Perceive":{"count":205008,"self":0.2041468,"total":0.2041468,"children":null}}}}}}}}},"DecideAction":{"count":21351,"self":44.9657888,"total":44.965788599999996,"children":null},"AgentAct":{"count":21351,"self":0.75501259999999992,"total":0.75501259999999992,"children":null},"AgentInfo.ToProto":{"count":493,"self":0.0009965,"total":0.0203367,"children":{"GenerateSensorData":{"count":493,"self":0.016342799999999998,"total":0.0193402,"children":{"RayPerceptionSensor.Perceive":{"count":1479,"self":0.0029974,"total":0.0029974,"children":null}}}}}},"gauges":{"FYP_Movement_1.CumulativeReward":{"count":493,"max":0.987142861,"min":-1.46469283,"runningAverage":0.8353226,"value":0.94657135,"weightedAverage":0.917431355}},"metadata":{"timer_format_version":"0.1.0","start_time_seconds":"1711623669","unity_version":"2022.3.16f1","command_line_arguments":"C:\\Program Files\\Unity\\Hub\\Editor\\2022.3.16f1\\Editor\\Unity.exe -projectpath C:\\Users\\jackp\\Desktop\\Development\\FYP -useHub -hubIPC -cloudEnvironment production -licensingIpc LicenseClient-jackp -hubSessionId ac98bb34-ba3d-4724-851b-54b607dbb0f2 -accessToken 9vnDq6Wu_dt6bSHs5VNmRCxQqQFcGvQzJkkRCVuC68k005f","communication_protocol_version":"1.5.0","com.unity.ml-agents_version":"2.0.1","scene_name":"MoveToTargetNoObstacles","end_time_seconds":"1711623731"}}