{"count":1,"self":266.5781248,"total":1890.0588148,"children":{"InitializeActuators":{"count":6,"self":0.0029919,"total":0.0029919,"children":null},"InitializeSensors":{"count":6,"self":0.0019947999999999997,"total":0.0019947999999999997,"children":null},"AgentSendState":{"count":761467,"self":78.85015039999999,"total":108.2455164,"children":{"CollectObservations":{"count":913764,"self":1.8302087999999999,"total":1.8302087,"children":null},"WriteActionMask":{"count":913764,"self":0.74145279999999991,"total":0.74145279999999991,"children":null},"RequestDecision":{"count":913764,"self":3.5123568,"total":26.8237031,"children":{"AgentInfo.ToProto":{"count":913764,"self":2.6880264,"total":23.3113463,"children":{"GenerateSensorData":{"count":913764,"self":14.900678399999999,"total":20.62332,"children":{"RayPerceptionSensor.Perceive":{"count":2741292,"self":5.7226408,"total":5.7226409,"children":null}}}}}}}}},"DecideAction":{"count":761467,"self":1495.213568,"total":1495.2135206,"children":null},"AgentAct":{"count":761467,"self":19.8752608,"total":19.886810099999998,"children":{"AgentInfo.ToProto":{"count":289,"self":0.0019974,"total":0.011548899999999999,"children":{"GenerateSensorData":{"count":289,"self":0.0065607,"total":0.0095515,"children":{"RayPerceptionSensor.Perceive":{"count":867,"self":0.0029908,"total":0.0029908,"children":null}}}}}}},"AgentInfo.ToProto":{"count":2651,"self":0.0222173,"total":0.1288552,"children":{"GenerateSensorData":{"count":2651,"self":0.0757326,"total":0.1066379,"children":{"RayPerceptionSensor.Perceive":{"count":7953,"self":0.0309053,"total":0.0309053,"children":null}}}}}},"gauges":{"FYP_Movement_1.CumulativeReward":{"count":2940,"max":1.414723,"min":-3.30761862,"runningAverage":0.472952634,"value":0.887428343,"weightedAverage":0.353709579}},"metadata":{"timer_format_version":"0.1.0","start_time_seconds":"1713124449","unity_version":"2022.3.16f1","command_line_arguments":"C:\\Program Files\\Unity\\Hub\\Editor\\2022.3.16f1\\Editor\\Unity.exe -projectpath C:\\Users\\Jack\\Desktop\\FYP -useHub -hubIPC -cloudEnvironment production -licensingIpc LicenseClient-Jack -hubSessionId ee767661-f9a6-4f69-846c-54085924f6bb -accessToken W_kVValhl4OrLAPzXko5xhwNmDQAtAzqoPuTxmqIvgg005f","communication_protocol_version":"1.5.0","com.unity.ml-agents_version":"2.0.1","scene_name":"MoveToTargetNoObstacles","end_time_seconds":"1713126339"}}