{"count":1,"self":117.9389568,"total":873.48667519999992,"children":{"InitializeActuators":{"count":6,"self":0.0019947,"total":0.0019947,"children":null},"InitializeSensors":{"count":6,"self":0.0019946,"total":0.0019946,"children":null},"AgentSendState":{"count":351401,"self":37.3826688,"total":51.378880099999996,"children":{"CollectObservations":{"count":421686,"self":0.97419079999999991,"total":0.97419079999999991,"children":null},"WriteActionMask":{"count":421686,"self":0.4320038,"total":0.4320038,"children":null},"RequestDecision":{"count":421686,"self":1.6927588,"total":12.5900167,"children":{"AgentInfo.ToProto":{"count":421686,"self":1.2770784,"total":10.897257999999999,"children":{"GenerateSensorData":{"count":421686,"self":6.9226496,"total":9.6201796,"children":{"RayPerceptionSensor.Perceive":{"count":1265058,"self":2.6975295999999997,"total":2.6975297,"children":null}}}}}}}}},"DecideAction":{"count":351401,"self":695.96093439999993,"total":695.9609492,"children":null},"AgentAct":{"count":351401,"self":8.1375847999999991,"total":8.1405771,"children":{"AgentInfo.ToProto":{"count":115,"self":0.0009976,"total":0.002992,"children":{"GenerateSensorData":{"count":115,"self":0.0019944,"total":0.0019944,"children":{"RayPerceptionSensor.Perceive":{"count":345,"self":0,"total":0,"children":null}}}}}}},"AgentInfo.ToProto":{"count":1554,"self":0.0089566,"total":0.0613226,"children":{"GenerateSensorData":{"count":1554,"self":0.0443953,"total":0.052365999999999996,"children":{"RayPerceptionSensor.Perceive":{"count":4662,"self":0.007970699999999999,"total":0.007970699999999999,"children":null}}}}}},"gauges":{"FYP_Movement_1.CumulativeReward":{"count":1669,"max":1.94713724,"min":-3.02059937,"runningAverage":0.548664451,"value":0.9369999,"weightedAverage":0.871819258}},"metadata":{"timer_format_version":"0.1.0","start_time_seconds":"1713185326","unity_version":"2022.3.16f1","command_line_arguments":"C:\\Program Files\\Unity\\Hub\\Editor\\2022.3.16f1\\Editor\\Unity.exe -projectpath C:\\Users\\Jack\\Desktop\\FYP -useHub -hubIPC -cloudEnvironment production -licensingIpc LicenseClient-Jack -hubSessionId 7361f129-6317-46c6-b1d9-0a4a044663e0 -accessToken 8-pdj-YIZ_TuUcoaTIs-X5fhV9__2YI3eRZBmIQrM8w005f","communication_protocol_version":"1.5.0","com.unity.ml-agents_version":"2.0.1","scene_name":"MoveToTargetNoObstacles","end_time_seconds":"1713186199"}}