{
    "name": "root",
    "metadata": {
        "timer_format_version": "0.1.0",
        "start_time_seconds": "1712522231",
        "python_version": "3.8.0 (tags/v3.8.0:fa919fd, Oct 14 2019, 19:37:50) [MSC v.1916 64 bit (AMD64)]",
        "command_line_arguments": "C:\\Users\\jackp\\Desktop\\Development\\FYP\\MLAgentsPython\\Scripts\\mlagents-learn .\\config\\FYP_Movement_cfg.yaml --run-id=NewMovement --resume",
        "mlagents_version": "0.29.0",
        "mlagents_envs_version": "0.29.0",
        "communication_protocol_version": "1.5.0",
        "pytorch_version": "2.1.0+cpu",
        "numpy_version": "1.21.2",
        "end_time_seconds": "1712522310"
    },
    "total": 79.2776135,
    "count": 1,
    "self": 0.005055200000001037,
    "children": {
        "run_training.setup": {
            "total": 0.11163719999999966,
            "count": 1,
            "self": 0.11163719999999966
        },
        "TrainerController.start_learning": {
            "total": 79.1609211,
            "count": 1,
            "self": 0.030747899999980177,
            "children": {
                "TrainerController._reset_env": {
                    "total": 4.618861699999999,
                    "count": 1,
                    "self": 4.618861699999999
                },
                "TrainerController.advance": {
                    "total": 74.26250960000003,
                    "count": 1459,
                    "self": 0.02794430000005832,
                    "children": {
                        "env_step": {
                            "total": 66.30278779999998,
                            "count": 1459,
                            "self": 63.23830949999994,
                            "children": {
                                "SubprocessEnvManager._take_step": {
                                    "total": 3.0448162999999653,
                                    "count": 1459,
                                    "self": 0.07799190000002909,
                                    "children": {
                                        "TorchPolicy.evaluate": {
                                            "total": 2.966824399999936,
                                            "count": 1314,
                                            "self": 0.48005649999992706,
                                            "children": {
                                                "TorchPolicy.sample_actions": {
                                                    "total": 2.486767900000009,
                                                    "count": 1314,
                                                    "self": 2.486767900000009
                                                }
                                            }
                                        }
                                    }
                                },
                                "workers": {
                                    "total": 0.019662000000071345,
                                    "count": 1458,
                                    "self": 0.0,
                                    "children": {
                                        "worker_root": {
                                            "total": 20.825247599999965,
                                            "count": 1458,
                                            "is_parallel": true,
                                            "self": 10.458398599999963,
                                            "children": {
                                                "steps_from_proto": {
                                                    "total": 0.0013116000000001904,
                                                    "count": 1,
                                                    "is_parallel": true,
                                                    "self": 0.00046279999999754295,
                                                    "children": {
                                                        "_process_rank_one_or_two_observation": {
                                                            "total": 0.0008488000000026474,
                                                            "count": 8,
                                                            "is_parallel": true,
                                                            "self": 0.0008488000000026474
                                                        }
                                                    }
                                                },
                                                "UnityEnvironment.step": {
                                                    "total": 10.365537400000001,
                                                    "count": 1458,
                                                    "is_parallel": true,
                                                    "self": 0.3319304999999151,
                                                    "children": {
                                                        "UnityEnvironment._generate_step_input": {
                                                            "total": 0.28201960000005144,
                                                            "count": 1458,
                                                            "is_parallel": true,
                                                            "self": 0.28201960000005144
                                                        },
                                                        "communicator.exchange": {
                                                            "total": 8.822291400000012,
                                                            "count": 1458,
                                                            "is_parallel": true,
                                                            "self": 8.822291400000012
                                                        },
                                                        "steps_from_proto": {
                                                            "total": 0.9292959000000227,
                                                            "count": 1458,
                                                            "is_parallel": true,
                                                            "self": 0.26915000000015876,
                                                            "children": {
                                                                "_process_rank_one_or_two_observation": {
                                                                    "total": 0.660145899999864,
                                                                    "count": 11664,
                                                                    "is_parallel": true,
                                                                    "self": 0.660145899999864
                                                                }
                                                            }
                                                        }
                                                    }
                                                }
                                            }
                                        }
                                    }
                                }
                            }
                        },
                        "trainer_advance": {
                            "total": 7.93177749999999,
                            "count": 1458,
                            "self": 0.06449299999998814,
                            "children": {
                                "process_trajectory": {
                                    "total": 1.8880240000000033,
                                    "count": 1458,
                                    "self": 1.8880240000000033
                                },