{
    "name": "root",
    "gauges": {
        "FYP_Movement_1.Policy.Entropy.mean": {
            "value": 6.333805084228516,
            "min": 6.2405595779418945,
            "max": 6.333805084228516,
            "count": 18
        },
        "FYP_Movement_1.Policy.Entropy.sum": {
            "value": 316791.59375,
            "min": 206055.046875,
            "max": 316791.59375,
            "count": 18
        },
        "FYP_Movement_1.Environment.EpisodeLength.mean": {
            "value": 288.1411764705882,
            "min": 223.873786407767,
            "max": 413.219298245614,
            "count": 18
        },
        "FYP_Movement_1.Environment.EpisodeLength.sum": {
            "value": 48984.0,
            "min": 27567.0,
            "max": 52510.0,
            "count": 18
        },
        "FYP_Movement_1.Step.mean": {
            "value": 18949940.0,
            "min": 18099953.0,
            "max": 18949940.0,
            "count": 18
        },
        "FYP_Movement_1.Step.sum": {
            "value": 18949940.0,
            "min": 18099953.0,
            "max": 18949940.0,
            "count": 18
        },
        "FYP_Movement_1.Policy.ExtrinsicValueEstimate.mean": {
            "value": 0.26819029450416565,
            "min": 0.17105603218078613,
            "max": 0.2780649662017822,
            "count": 18
        },
        "FYP_Movement_1.Policy.ExtrinsicValueEstimate.sum": {
            "value": 231.18002319335938,
            "min": 93.05448150634766,
            "max": 245.80941772460938,
            "count": 18
        },
        "FYP_Movement_1.Environment.CumulativeReward.mean": {
            "value": 0.5614218529752072,
            "min": 0.4126512109749503,
            "max": 0.7183030615153821,
            "count": 18
        },
        "FYP_Movement_1.Environment.CumulativeReward.sum": {
            "value": 95.44171500578523,
            "min": 31.774143245071173,
            "max": 147.97043067216873,
            "count": 18
        },
        "FYP_Movement_1.Policy.ExtrinsicReward.mean": {
            "value": 0.5614218529752072,
            "min": 0.4126512109749503,
            "max": 0.7183030615153821,
            "count": 18
        },
        "FYP_Movement_1.Policy.ExtrinsicReward.sum": {
            "value": 95.44171500578523,
            "min": 31.774143245071173,
            "max": 147.97043067216873,
            "count": 18
        },
        "FYP_Movement_1.Losses.PolicyLoss.mean": {
            "value": 0.02599005404578444,
            "min": 0.018814793301215913,
            "max": 0.02599005404578444,
            "count": 18
        },
        "FYP_Movement_1.Losses.PolicyLoss.sum": {
            "value": 0.10396021618313776,
            "min": 0.05644437990364774,
            "max": 0.12402137814982175,
            "count": 18
        },
        "FYP_Movement_1.Losses.ValueLoss.mean": {
            "value": 0.011323225936697174,
            "min": 0.007455195263804247,
            "max": 0.01296883323850731,
            "count": 18
        },
        "FYP_Movement_1.Losses.ValueLoss.sum": {
            "value": 0.045292903746788696,
            "min": 0.02594009436046084,
            "max": 0.06484416619253655,
            "count": 18
        },
        "FYP_Movement_1.Policy.LearningRate.mean": {
            "value": 0.0001864502943499145,
            "min": 0.0001864502943499145,
            "max": 0.00019147300017567865,
            "count": 18
        },
        "FYP_Movement_1.Policy.LearningRate.sum": {
            "value": 0.000745801177399658,
            "min": 0.0005744190005270359,
            "max": 0.000956133355288942,
            "count": 18
        },
        "FYP_Movement_1.Policy.Epsilon.mean": {
            "value": 0.16215008550000004,
            "min": 0.16215008550000004,
            "max": 0.16382432133333333,
            "count": 18
        },
        "FYP_Movement_1.Policy.Epsilon.sum": {
            "value": 0.6486003420000002,
            "min": 0.49147296399999996,
            "max": 0.8187110580000003,
            "count": 18
        },
        "FYP_Movement_1.Policy.Beta.mean": {
            "value": 0.0031112892664500007,
            "min": 0.0031112892664500007,
            "max": 0.0031948336345333345,
            "count": 18
        },
        "FYP_Movement_1.Policy.Beta.sum": {
            "value": 0.012445157065800003,
            "min": 0.009584500903600003,
            "max": 0.015953681794200005,
            "count": 18
        },
        "FYP_Movement_1.IsTraining.mean": {
            "value": 1.0,
            "min": 1.0,
            "max": 1.0,
            "count": 18
        },
        "FYP_Movement_1.IsTraining.sum": {
            "value": 1.0,
            "min": 1.0,
            "max": 1.0,
            "count": 18
        }
    },
    "metadata": {
        "timer_format_version": "0.1.0",
        "start_time_seconds": "1713124429",
        "python_version": "3.8.10 (tags/v3.8.10:3d8993a, May  3 2021, 11:48:03) [MSC v.1928 64 bit (AMD64)]",
        "command_line_arguments": "C:\\Users\\Jack\\AppData\\Local\\Programs\\Python\\Python38\\Scripts\\mlagents-learn ./config/FYP_Movement_cfg.yaml --run-id=NewMovement --resume",
        "mlagents_version": "0.29.0",
        "mlagents_envs_version": "0.29.0",
        "communication_protocol_version": "1.5.0",
        "pytorch_version": "2.2.2+cpu",
        "numpy_version": "1.21.2",
        "end_time_seconds": "1713126354"
    },
    "total": 1924.8520204,
    "count": 1,
    "self": 0.006365799999912269,
    "children": {
        "run_training.setup": {
            "total": 0.16603800000000035,
            "count": 1,
            "self": 0.16603800000000035
        },
        "TrainerController.start_learning": {
            "total": 1924.6796166,
            "count": 1,
            "self": 3.331032400001277,
            "children": {
                "TrainerController._reset_env": {
                    "total": 22.3818125,
                    "count": 1,
                    "self": 22.3818125
                },
                "TrainerController.advance": {
                    "total": 1898.8109076999986,
                    "count": 154694,
                    "self": 3.368431499959115,
                    "children": {
                        "env_step": {
                            "total": 1443.6799794000324,
                            "count": 154694,
                            "self": 1002.9239218001047,
                            "children": {
                                "SubprocessEnvManager._take_step": {
                                    "total": 438.4969356999863,
                                    "count": 154694,
                                    "self": 9.280993099955253,
                                    "children": {
                                        "TorchPolicy.evaluate": {
                                            "total": 429.21594260003104,
                                            "count": 152291,
                                            "self": 65.79015740006884,
                                            "children": {
                                                "TorchPolicy.sample_actions": {
                                                    "total": 363.4257851999622,
                                                    "count": 152291,
                                                    "self": 363.4257851999622
                                                }
                                            }
                                        }
                                    }
                                },
                                "workers": {
                                    "total": 2.2591218999413556,
                                    "count": 154693,
                                    "self": 0.0,