{
    "name": "root",
    "gauges": {
        "FYP_Movement_1.Policy.Entropy.mean": {
            "value": 5.08332633972168,
            "min": 5.08332633972168,
            "max": 5.091053009033203,
            "count": 2
        },
        "FYP_Movement_1.Policy.Entropy.sum": {
            "value": 253759.640625,
            "min": 63210.515625,
            "max": 253759.640625,
            "count": 2
        },
        "FYP_Movement_1.Environment.EpisodeLength.mean": {
            "value": 182.38970588235293,
            "min": 142.38235294117646,
            "max": 182.38970588235293,
            "count": 2
        },
        "FYP_Movement_1.Environment.EpisodeLength.sum": {
            "value": 49610.0,
            "min": 9682.0,
            "max": 49610.0,
            "count": 2
        },
        "FYP_Movement_1.Step.mean": {
            "value": 3199950.0,
            "min": 3149940.0,
            "max": 3199950.0,
            "count": 2
        },
        "FYP_Movement_1.Step.sum": {
            "value": 3199950.0,
            "min": 3149940.0,
            "max": 3199950.0,
            "count": 2
        },
        "FYP_Movement_1.Policy.ExtrinsicValueEstimate.mean": {
            "value": 0.3237892985343933,
            "min": 0.3237892985343933,
            "max": 0.33442121744155884,
            "count": 2
        },
        "FYP_Movement_1.Policy.ExtrinsicValueEstimate.sum": {
            "value": 294.00067138671875,
            "min": 74.91035461425781,
            "max": 294.00067138671875,
            "count": 2
        },
        "FYP_Movement_1.Environment.CumulativeReward.mean": {
            "value": 0.843587714685675,
            "min": 0.843587714685675,
            "max": 0.8684180696111392,
            "count": 2
        },
        "FYP_Movement_1.Environment.CumulativeReward.sum": {
            "value": 229.4558583945036,
            "min": 59.05242873355746,
            "max": 229.4558583945036,
            "count": 2
        },
        "FYP_Movement_1.Policy.ExtrinsicReward.mean": {
            "value": 0.843587714685675,
            "min": 0.843587714685675,
            "max": 0.8684180696111392,
            "count": 2
        },
        "FYP_Movement_1.Policy.ExtrinsicReward.sum": {
            "value": 229.4558583945036,
            "min": 59.05242873355746,
            "max": 229.4558583945036,
            "count": 2
        },
        "FYP_Movement_1.Losses.PolicyLoss.mean": {
            "value": 0.024413300107698887,
            "min": 0.020726255463281027,
            "max": 0.024413300107698887,
            "count": 2
        },
        "FYP_Movement_1.Losses.PolicyLoss.sum": {
            "value": 0.12206650053849444,
            "min": 0.020726255463281027,
            "max": 0.12206650053849444,
            "count": 2
        },
        "FYP_Movement_1.Losses.ValueLoss.mean": {
            "value": 0.016829944799343743,
            "min": 0.016335350119819243,
            "max": 0.016829944799343743,
            "count": 2
        },
        "FYP_Movement_1.Losses.ValueLoss.sum": {
            "value": 0.08414972399671872,
            "min": 0.016335350119819243,
            "max": 0.08414972399671872,
            "count": 2
        },
        "FYP_Movement_1.Policy.LearningRate.mean": {
            "value": 0.00028092426275858117,
            "min": 0.00028092426275858117,
            "max": 0.00028110975029675196,
            "count": 2
        },
        "FYP_Movement_1.Policy.LearningRate.sum": {
            "value": 0.001404621313792906,
            "min": 0.00028110975029675196,
            "max": 0.001404621313792906,
            "count": 2
        },
        "FYP_Movement_1.Policy.Epsilon.mean": {
            "value": 0.1936414188,
            "min": 0.1936414188,
            "max": 0.19370324800000008,
            "count": 2
        },
        "FYP_Movement_1.Policy.Epsilon.sum": {
            "value": 0.9682070939999999,
            "min": 0.19370324800000008,
            "max": 0.9682070939999999,
            "count": 2
        },
        "FYP_Movement_1.Policy.Beta.mean": {
            "value": 0.004682706798120001,
            "min": 0.004682706798120001,
            "max": 0.004685792075200002,
            "count": 2
        },
        "FYP_Movement_1.Policy.Beta.sum": {
            "value": 0.0234135339906,
            "min": 0.004685792075200002,
            "max": 0.0234135339906,
            "count": 2
        },
        "FYP_Movement_1.IsTraining.mean": {
            "value": 1.0,
            "min": 1.0,
            "max": 1.0,
            "count": 2
        },
        "FYP_Movement_1.IsTraining.sum": {
            "value": 1.0,
            "min": 1.0,
            "max": 1.0,
            "count": 2
        }
    },
    "metadata": {
        "timer_format_version": "0.1.0",
        "start_time_seconds": "1712001276",
        "python_version": "3.8.0 (tags/v3.8.0:fa919fd, Oct 14 2019, 19:37:50) [MSC v.1916 64 bit (AMD64)]",
        "command_line_arguments": "C:\\Users\\jackp\\Desktop\\Development\\FYP\\MLAgentsPython\\Scripts\\mlagents-learn .\\config\\FYP_Movement_cfg.yaml --run-id=NewMovement --resume",
        "mlagents_version": "0.29.0",
        "mlagents_envs_version": "0.29.0",
        "communication_protocol_version": "1.5.0",
        "pytorch_version": "2.1.0+cpu",
        "numpy_version": "1.21.2",
        "end_time_seconds": "1712001377"
    },
    "total": 100.57496499999999,
    "count": 1,
    "self": 0.004909400000002506,
    "children": {
        "run_training.setup": {
            "total": 0.1038231999999999,
            "count": 1,
            "self": 0.1038231999999999
        },
        "TrainerController.start_learning": {
            "total": 100.4662324,
            "count": 1,
            "self": 0.08683970000024033,
            "children": {
                "TrainerController._reset_env": {
                    "total": 19.536514,
                    "count": 1,
                    "self": 19.536514
                },
                "TrainerController.advance": {
                    "total": 80.63328469999975,
                    "count": 5524,
                    "self": 0.08083869999988735,
                    "children": {
                        "env_step": {
                            "total": 51.68136230000023,
                            "count": 5524,
                            "self": 41.788816900000356,
                            "children": {
                                "SubprocessEnvManager._take_step": {
                                    "total": 9.836711400000002,
                                    "count": 5524,
                                    "self": 0.22457940000035848,
                                    "children": {
                                        "TorchPolicy.evaluate": {
                                            "total": 9.612131999999644,
                                            "count": 5167,
                                            "self": 1.4332775999997835,
                                            "children": {
                                                "TorchPolicy.sample_actions": {
                                                    "total": 8.17885439999986,
                                                    "count": 5167,
                                                    "self": 8.17885439999986
                                                }
                                            }
                                        }
                                    }
                                },
                                "workers": {
                                    "total": 0.05583399999987648,
                                    "count": 5523,
                                    "self": 0.0,
                                    "children": {
                                        "worker_root": {
                                            "total": 78.78064050000033,