{
    "name": "root",
    "gauges": {
        "FYP_Movement_1.Policy.Entropy.mean": {
            "value": 6.238707065582275,
            "min": 6.209625244140625,
            "max": 6.3007426261901855,
            "count": 55
        },
        "FYP_Movement_1.Policy.Entropy.sum": {
            "value": 311735.71875,
            "min": 197879.515625,
            "max": 315800.1875,
            "count": 55
        },
        "FYP_Movement_1.Environment.EpisodeLength.mean": {
            "value": 125.72323759791122,
            "min": 125.72323759791122,
            "max": 637.4512195121952,
            "count": 55
        },
        "FYP_Movement_1.Environment.EpisodeLength.sum": {
            "value": 48152.0,
            "min": 23083.0,
            "max": 54808.0,
            "count": 55
        },
        "FYP_Movement_1.Step.mean": {
            "value": 16549982.0,
            "min": 13849975.0,
            "max": 16549982.0,
            "count": 55
        },
        "FYP_Movement_1.Step.sum": {
            "value": 16549982.0,
            "min": 13849975.0,
            "max": 16549982.0,
            "count": 55
        },
        "FYP_Movement_1.Policy.ExtrinsicValueEstimate.mean": {
            "value": 0.43597522377967834,
            "min": 0.040448013693094254,
            "max": 0.4447879493236542,
            "count": 55
        },
        "FYP_Movement_1.Policy.ExtrinsicValueEstimate.sum": {
            "value": 419.8441467285156,
            "min": 33.28871536254883,
            "max": 419.8441467285156,
            "count": 55
        },
        "FYP_Movement_1.Environment.CumulativeReward.mean": {
            "value": 0.845815371352372,
            "min": 0.05032579114706051,
            "max": 0.845815371352372,
            "count": 55
        },
        "FYP_Movement_1.Environment.CumulativeReward.sum": {
            "value": 323.94728722795844,
            "min": 4.126714874058962,
            "max": 323.94728722795844,
            "count": 55
        },
        "FYP_Movement_1.Policy.ExtrinsicReward.mean": {
            "value": 0.845815371352372,
            "min": 0.05032579114706051,
            "max": 0.845815371352372,
            "count": 55
        },
        "FYP_Movement_1.Policy.ExtrinsicReward.sum": {
            "value": 323.94728722795844,
            "min": 4.126714874058962,
            "max": 323.94728722795844,
            "count": 55
        },
        "FYP_Movement_1.Losses.PolicyLoss.mean": {
            "value": 0.026315443068354705,
            "min": 0.02082920436174997,
            "max": 0.026315443068354705,
            "count": 55
        },
        "FYP_Movement_1.Losses.PolicyLoss.sum": {
            "value": 0.13157721534177352,
            "min": 0.07215317627415062,
            "max": 0.13157721534177352,
            "count": 55
        },
        "FYP_Movement_1.Losses.ValueLoss.mean": {
            "value": 0.00787602604056398,
            "min": 0.004746239229571074,
            "max": 0.011956249537567298,
            "count": 55
        },
        "FYP_Movement_1.Losses.ValueLoss.sum": {
            "value": 0.0393801302028199,
            "min": 0.022661040001548827,
            "max": 0.05978124768783649,
            "count": 55
        },
        "FYP_Movement_1.Policy.LearningRate.mean": {
            "value": 0.000200869827043402,
            "min": 0.000200869827043402,
            "max": 0.00021696341167887204,
            "count": 55
        },
        "FYP_Movement_1.Policy.LearningRate.sum": {
            "value": 0.00100434913521701,
            "min": 0.0006508902350366161,
            "max": 0.0010823521572159939,
            "count": 55
        },
        "FYP_Movement_1.Policy.Epsilon.mean": {
            "value": 0.16695659800000007,
            "min": 0.16695659800000007,
            "max": 0.17232112800000002,
            "count": 55
        },
        "FYP_Movement_1.Policy.Epsilon.sum": {
            "value": 0.8347829900000003,
            "min": 0.5169633840000001,
            "max": 0.860784006,
            "count": 55
        },
        "FYP_Movement_1.Policy.Beta.mean": {
            "value": 0.0033511342402,
            "min": 0.0033511342402,
            "max": 0.0036188242871999995,
            "count": 55
        },
        "FYP_Movement_1.Policy.Beta.sum": {
            "value": 0.016755671201,
            "min": 0.010856472861599999,
            "max": 0.0180531218994,
            "count": 55
        },
        "FYP_Movement_1.IsTraining.mean": {
            "value": 1.0,
            "min": 1.0,
            "max": 1.0,
            "count": 55
        },
        "FYP_Movement_1.IsTraining.sum": {
            "value": 1.0,
            "min": 1.0,
            "max": 1.0,
            "count": 55
        }
    },
    "metadata": {
        "timer_format_version": "0.1.0",
        "start_time_seconds": "1712089046",
        "python_version": "3.8.0 (tags/v3.8.0:fa919fd, Oct 14 2019, 19:37:50) [MSC v.1916 64 bit (AMD64)]",
        "command_line_arguments": "C:\\Users\\jackp\\Desktop\\Development\\FYP\\MLAgentsPython\\Scripts\\mlagents-learn .\\config\\FYP_Movement_cfg.yaml --run-id=NewMovement --resume",
        "mlagents_version": "0.29.0",
        "mlagents_envs_version": "0.29.0",
        "communication_protocol_version": "1.5.0",
        "pytorch_version": "2.1.0+cpu",
        "numpy_version": "1.21.2",
        "end_time_seconds": "1712091747"
    },
    "total": 2701.2811933000003,
    "count": 1,
    "self": 0.004745100000036473,
    "children": {
        "run_training.setup": {
            "total": 0.08258279999999996,
            "count": 1,
            "self": 0.08258279999999996
        },
        "TrainerController.start_learning": {
            "total": 2701.1938654,
            "count": 1,
            "self": 3.121011600001566,
            "children": {
                "TrainerController._reset_env": {
                    "total": 4.897738,
                    "count": 1,
                    "self": 4.897738
                },
                "TrainerController.advance": {
                    "total": 2693.0724105999984,
                    "count": 180585,
                    "self": 2.9190003998687644,
                    "children": {
                        "env_step": {
                            "total": 1706.9336865000541,
                            "count": 180585,
                            "self": 1370.2357720001487,
                            "children": {
                                "SubprocessEnvManager._take_step": {
                                    "total": 334.5742856999418,
                                    "count": 180585,
                                    "self": 8.126542700003256,
                                    "children": {
                                        "TorchPolicy.evaluate": {
                                            "total": 326.44774299993855,
                                            "count": 171454,
                                            "self": 50.02073960001644,
                                            "children": {
                                                "TorchPolicy.sample_actions": {
                                                    "total": 276.4270033999221,
                                                    "count": 171454,
                                                    "self": 276.4270033999221
                                                }
                                            }
                                        }
                                    }
                                },
                                "workers": {
                                    "total": 2.1236287999635985,
                                    "count": 180584,
                                    "self": 0.0,