{
    "name": "root",
    "gauges": {
        "FYP_Movement_1.Policy.Entropy.mean": {
            "value": 6.253233432769775,
            "min": 6.253233432769775,
            "max": 6.289361000061035,
            "count": 2
        },
        "FYP_Movement_1.Policy.Entropy.sum": {
            "value": 312861.78125,
            "min": 16302.0234375,
            "max": 312861.78125,
            "count": 2
        },
        "FYP_Movement_1.Environment.EpisodeLength.mean": {
            "value": 114.20235294117647,
            "min": 78.8,
            "max": 114.20235294117647,
            "count": 2
        },
        "FYP_Movement_1.Environment.EpisodeLength.sum": {
            "value": 48536.0,
            "min": 1182.0,
            "max": 48536.0,
            "count": 2
        },
        "FYP_Movement_1.Step.mean": {
            "value": 16849962.0,
            "min": 16799977.0,
            "max": 16849962.0,
            "count": 2
        },
        "FYP_Movement_1.Step.sum": {
            "value": 16849962.0,
            "min": 16799977.0,
            "max": 16849962.0,
            "count": 2
        },
        "FYP_Movement_1.Policy.ExtrinsicValueEstimate.mean": {
            "value": 0.48401618003845215,
            "min": 0.4546636641025543,
            "max": 0.48401618003845215,
            "count": 2
        },
        "FYP_Movement_1.Policy.ExtrinsicValueEstimate.sum": {
            "value": 474.3358459472656,
            "min": 18.641210556030273,
            "max": 474.3358459472656,
            "count": 2
        },
        "FYP_Movement_1.Environment.CumulativeReward.mean": {
            "value": 0.8591855527285267,
            "min": 0.8591855527285267,
            "max": 0.9432380922138691,
            "count": 2
        },
        "FYP_Movement_1.Environment.CumulativeReward.sum": {
            "value": 365.15385990962386,
            "min": 14.148571383208036,
            "max": 365.15385990962386,
            "count": 2
        },
        "FYP_Movement_1.Policy.ExtrinsicReward.mean": {
            "value": 0.8591855527285267,
            "min": 0.8591855527285267,
            "max": 0.9432380922138691,
            "count": 2
        },
        "FYP_Movement_1.Policy.ExtrinsicReward.sum": {
            "value": 365.15385990962386,
            "min": 14.148571383208036,
            "max": 365.15385990962386,
            "count": 2
        },
        "FYP_Movement_1.IsTraining.mean": {
            "value": 1.0,
            "min": 1.0,
            "max": 1.0,
            "count": 2
        },
        "FYP_Movement_1.IsTraining.sum": {
            "value": 1.0,
            "min": 1.0,
            "max": 1.0,
            "count": 2
        },
        "FYP_Movement_1.Losses.PolicyLoss.mean": {
            "value": 0.02569767749422075,
            "min": 0.02569767749422075,
            "max": 0.02569767749422075,
            "count": 1
        },
        "FYP_Movement_1.Losses.PolicyLoss.sum": {
            "value": 0.12848838747110375,
            "min": 0.12848838747110375,
            "max": 0.12848838747110375,
            "count": 1
        },
        "FYP_Movement_1.Losses.ValueLoss.mean": {
            "value": 0.007753404934580127,
            "min": 0.007753404934580127,
            "max": 0.007753404934580127,
            "count": 1
        },
        "FYP_Movement_1.Losses.ValueLoss.sum": {
            "value": 0.038767024672900635,
            "min": 0.038767024672900635,
            "max": 0.038767024672900635,
            "count": 1
        },
        "FYP_Movement_1.Policy.LearningRate.mean": {
            "value": 0.00019902816605728914,
            "min": 0.00019902816605728914,
            "max": 0.00019902816605728914,
            "count": 1
        },
        "FYP_Movement_1.Policy.LearningRate.sum": {
            "value": 0.0009951408302864458,
            "min": 0.0009951408302864458,
            "max": 0.0009951408302864458,
            "count": 1
        },
        "FYP_Movement_1.Policy.Epsilon.mean": {
            "value": 0.16634271080000004,
            "min": 0.16634271080000004,
            "max": 0.16634271080000004,
            "count": 1
        },
        "FYP_Movement_1.Policy.Epsilon.sum": {
            "value": 0.8317135540000002,
            "min": 0.8317135540000002,
            "max": 0.8317135540000002,
            "count": 1
        },
        "FYP_Movement_1.Policy.Beta.mean": {
            "value": 0.003320501268920001,
            "min": 0.003320501268920001,
            "max": 0.003320501268920001,
            "count": 1
        },
        "FYP_Movement_1.Policy.Beta.sum": {
            "value": 0.016602506344600004,
            "min": 0.016602506344600004,
            "max": 0.016602506344600004,
            "count": 1
        }
    },
    "metadata": {
        "timer_format_version": "0.1.0",
        "start_time_seconds": "1712092051",
        "python_version": "3.8.0 (tags/v3.8.0:fa919fd, Oct 14 2019, 19:37:50) [MSC v.1916 64 bit (AMD64)]",
        "command_line_arguments": "C:\\Users\\jackp\\Desktop\\Development\\FYP\\MLAgentsPython\\Scripts\\mlagents-learn .\\config\\FYP_Movement_cfg.yaml --run-id=NewMovement --resume",
        "mlagents_version": "0.29.0",
        "mlagents_envs_version": "0.29.0",
        "communication_protocol_version": "1.5.0",
        "pytorch_version": "2.1.0+cpu",
        "numpy_version": "1.21.2",
        "end_time_seconds": "1712092122"
    },
    "total": 71.0527955,
    "count": 1,
    "self": 0.006152999999997633,
    "children": {
        "run_training.setup": {
            "total": 0.07732509999999992,
            "count": 1,
            "self": 0.07732509999999992
        },
        "TrainerController.start_learning": {
            "total": 70.96931740000001,
            "count": 1,
            "self": 0.07100589999994611,
            "children": {
                "TrainerController._reset_env": {
                    "total": 4.651993099999999,
                    "count": 1,
                    "self": 4.651993099999999
                },
                "TrainerController.advance": {
                    "total": 66.10293890000007,
                    "count": 4305,
                    "self": 0.06918780000017932,
                    "children": {
                        "env_step": {
                            "total": 43.72345419999989,
                            "count": 4305,
                            "self": 36.10822429999995,
                            "children": {
                                "SubprocessEnvManager._take_step": {
                                    "total": 7.567681800000097,
                                    "count": 4305,
                                    "self": 0.17963949999978723,
                                    "children": {
                                        "TorchPolicy.evaluate": {
                                            "total": 7.3880423000003095,
                                            "count": 3877,
                                            "self": 1.123213700000191,
                                            "children": {
                                                "TorchPolicy.sample_actions": {
                                                    "total": 6.2648286000001185,
                                                    "count": 3877,
                                                    "self": 6.2648286000001185
                                                }
                                            }
                                        }
                                    }
                                },
                                "workers": {
                                    "total": 0.047548099999852766,
                                    "count": 4304,
                                    "self": 0.0,