{
    "name": "root",
    "gauges": {
        "FYP_Movement_1.Policy.Entropy.mean": {
            "value": 5.719648838043213,
            "min": 5.719648838043213,
            "max": 5.83465576171875,
            "count": 9
        },
        "FYP_Movement_1.Policy.Entropy.sum": {
            "value": 285524.875,
            "min": 196511.203125,
            "max": 290492.625,
            "count": 9
        },
        "FYP_Movement_1.Step.mean": {
            "value": 8049996.0,
            "min": 7649969.0,
            "max": 8049996.0,
            "count": 9
        },
        "FYP_Movement_1.Step.sum": {
            "value": 8049996.0,
            "min": 7649969.0,
            "max": 8049996.0,
            "count": 9
        },
        "FYP_Movement_1.Policy.ExtrinsicValueEstimate.mean": {
            "value": 0.5062891840934753,
            "min": -0.12147774547338486,
            "max": 0.5094165802001953,
            "count": 9
        },
        "FYP_Movement_1.Policy.ExtrinsicValueEstimate.sum": {
            "value": 528.56591796875,
            "min": -63.41138458251953,
            "max": 528.56591796875,
            "count": 9
        },
        "FYP_Movement_1.Environment.EpisodeLength.mean": {
            "value": 87.8212389380531,
            "min": 87.8212389380531,
            "max": 1160.0,
            "count": 9
        },
        "FYP_Movement_1.Environment.EpisodeLength.sum": {
            "value": 49619.0,
            "min": 23200.0,
            "max": 50880.0,
            "count": 9
        },
        "FYP_Movement_1.Environment.CumulativeReward.mean": {
            "value": 0.8562170752119405,
            "min": -0.9770642725750804,
            "max": 0.8562170752119405,
            "count": 9
        },
        "FYP_Movement_1.Environment.CumulativeReward.sum": {
            "value": 482.90643041953444,
            "min": -19.541285451501608,
            "max": 482.90643041953444,
            "count": 9
        },
        "FYP_Movement_1.Policy.ExtrinsicReward.mean": {
            "value": 0.8562170752119405,
            "min": -0.9770642725750804,
            "max": 0.8562170752119405,
            "count": 9
        },
        "FYP_Movement_1.Policy.ExtrinsicReward.sum": {
            "value": 482.90643041953444,
            "min": -19.541285451501608,
            "max": 482.90643041953444,
            "count": 9
        },
        "FYP_Movement_1.Losses.PolicyLoss.mean": {
            "value": 0.022797324828958763,
            "min": 0.02242230243961482,
            "max": 0.02605809806535641,
            "count": 9
        },
        "FYP_Movement_1.Losses.PolicyLoss.sum": {
            "value": 0.11398662414479381,
            "min": 0.06897977880435065,
            "max": 0.13029049032678205,
            "count": 9
        },
        "FYP_Movement_1.Losses.ValueLoss.mean": {
            "value": 0.01570857470855117,
            "min": 0.0006324198917556916,
            "max": 0.017616286321232716,
            "count": 9
        },
        "FYP_Movement_1.Losses.ValueLoss.sum": {
            "value": 0.07854287354275584,
            "min": 0.0018972596752670748,
            "max": 0.08808143160616358,
            "count": 9
        },
        "FYP_Movement_1.Policy.LearningRate.mean": {
            "value": 0.000251823418058866,
            "min": 0.000251823418058866,
            "max": 0.0002541703512765547,
            "count": 9
        },
        "FYP_Movement_1.Policy.LearningRate.sum": {
            "value": 0.0012591170902943299,
            "min": 0.000762511053829664,
            "max": 0.0012683629852123636,
            "count": 9
        },
        "FYP_Movement_1.Policy.Epsilon.mean": {
            "value": 0.18394113400000003,
            "min": 0.18394113400000003,
            "max": 0.18472344533333337,
            "count": 9
        },
        "FYP_Movement_1.Policy.Epsilon.sum": {
            "value": 0.9197056700000001,
            "min": 0.5541703360000001,
            "max": 0.922787636,
            "count": 9
        },
        "FYP_Movement_1.Policy.Beta.mean": {
            "value": 0.0041986625866,
            "min": 0.0041986625866,
            "max": 0.004237699922133333,
            "count": 9
        },
        "FYP_Movement_1.Policy.Beta.sum": {
            "value": 0.020993312933,
            "min": 0.012713099766400001,
            "max": 0.021147103036399998,
            "count": 9
        },
        "FYP_Movement_1.IsTraining.mean": {
            "value": 1.0,
            "min": 1.0,
            "max": 1.0,
            "count": 9
        },
        "FYP_Movement_1.IsTraining.sum": {
            "value": 1.0,
            "min": 1.0,
            "max": 1.0,
            "count": 9
        }
    },
    "metadata": {
        "timer_format_version": "0.1.0",
        "start_time_seconds": "1712005601",
        "python_version": "3.8.0 (tags/v3.8.0:fa919fd, Oct 14 2019, 19:37:50) [MSC v.1916 64 bit (AMD64)]",
        "command_line_arguments": "C:\\Users\\jackp\\Desktop\\Development\\FYP\\MLAgentsPython\\Scripts\\mlagents-learn .\\config\\FYP_Movement_cfg.yaml --run-id=NewMovement --resume",
        "mlagents_version": "0.29.0",
        "mlagents_envs_version": "0.29.0",
        "communication_protocol_version": "1.5.0",
        "pytorch_version": "2.1.0+cpu",
        "numpy_version": "1.21.2",
        "end_time_seconds": "1712006065"
    },
    "total": 464.4462771,
    "count": 1,
    "self": 0.00489859999993314,
    "children": {
        "run_training.setup": {
            "total": 0.08177349999999994,
            "count": 1,
            "self": 0.08177349999999994
        },
        "TrainerController.start_learning": {
            "total": 464.35960500000004,
            "count": 1,
            "self": 0.46344950000275276,
            "children": {
                "TrainerController._reset_env": {
                    "total": 4.465900100000001,
                    "count": 1,
                    "self": 4.465900100000001
                },
                "TrainerController.advance": {
                    "total": 459.3226362999973,
                    "count": 30137,
                    "self": 0.44188539999458953,
                    "children": {
                        "env_step": {
                            "total": 306.6943638000011,
                            "count": 30137,
                            "self": 254.80053900000232,
                            "children": {
                                "SubprocessEnvManager._take_step": {
                                    "total": 51.58968339999684,
                                    "count": 30139,
                                    "self": 1.1947927999926335,
                                    "children": {
                                        "TorchPolicy.evaluate": {
                                            "total": 50.3948906000042,
                                            "count": 27772,
                                            "self": 7.427581700000275,
                                            "children": {
                                                "TorchPolicy.sample_actions": {
                                                    "total": 42.96730890000393,
                                                    "count": 27772,
                                                    "self": 42.96730890000393
                                                }
                                            }
                                        }
                                    }
                                },
                                "workers": {
                                    "total": 0.3041414000019511,
                                    "count": 30136,
                                    "self": 0.0,
                                    "children": {
                                        "worker_root": {
                                            "total": 413.2705294000019,