{
    "name": "root",
    "gauges": {
        "FYP_Movement_1.Policy.Entropy.mean": {
            "value": 6.264245510101318,
            "min": 6.229293346405029,
            "max": 6.264245510101318,
            "count": 3
        },
        "FYP_Movement_1.Policy.Entropy.sum": {
            "value": 317722.53125,
            "min": 127177.25,
            "max": 317722.53125,
            "count": 3
        },
        "FYP_Movement_1.Environment.EpisodeLength.mean": {
            "value": 195.0943396226415,
            "min": 116.27388535031847,
            "max": 195.0943396226415,
            "count": 3
        },
        "FYP_Movement_1.Environment.EpisodeLength.sum": {
            "value": 41360.0,
            "min": 18255.0,
            "max": 48237.0,
            "count": 3
        },
        "FYP_Movement_1.Step.mean": {
            "value": 16999972.0,
            "min": 16899967.0,
            "max": 16999972.0,
            "count": 3
        },
        "FYP_Movement_1.Step.sum": {
            "value": 16999972.0,
            "min": 16899967.0,
            "max": 16999972.0,
            "count": 3
        },
        "FYP_Movement_1.Policy.ExtrinsicValueEstimate.mean": {
            "value": 0.41911137104034424,
            "min": 0.37496137619018555,
            "max": 0.422099232673645,
            "count": 3
        },
        "FYP_Movement_1.Policy.ExtrinsicValueEstimate.sum": {
            "value": 370.49444580078125,
            "min": 148.1097412109375,
            "max": 414.5014343261719,
            "count": 3
        },
        "FYP_Movement_1.Environment.CumulativeReward.mean": {
            "value": 0.7192052339723972,
            "min": 0.7192052339723972,
            "max": 0.8591901830332295,
            "count": 3
        },
        "FYP_Movement_1.Environment.CumulativeReward.sum": {
            "value": 153.1907148361206,
            "min": 134.89285873621702,
            "max": 329.9510013908148,
            "count": 3
        },
        "FYP_Movement_1.Policy.ExtrinsicReward.mean": {
            "value": 0.7192052339723972,
            "min": 0.7192052339723972,
            "max": 0.8591901830332295,
            "count": 3
        },
        "FYP_Movement_1.Policy.ExtrinsicReward.sum": {
            "value": 153.1907148361206,
            "min": 134.89285873621702,
            "max": 329.9510013908148,
            "count": 3
        },
        "FYP_Movement_1.Losses.PolicyLoss.mean": {
            "value": 0.02348051552195102,
            "min": 0.02348051552195102,
            "max": 0.029236128720610093,
            "count": 3
        },
        "FYP_Movement_1.Losses.PolicyLoss.sum": {
            "value": 0.1174025776097551,
            "min": 0.029236128720610093,
            "max": 0.12439089482650162,
            "count": 3
        },
        "FYP_Movement_1.Losses.ValueLoss.mean": {
            "value": 0.009915602571951846,
            "min": 0.009915602571951846,
            "max": 0.018430494144558905,
            "count": 3
        },
        "FYP_Movement_1.Losses.ValueLoss.sum": {
            "value": 0.049578012859759234,
            "min": 0.018430494144558905,
            "max": 0.08191969071825345,
            "count": 3
        },
        "FYP_Movement_1.Policy.LearningRate.mean": {
            "value": 0.0001981645395451648,
            "min": 0.0001981645395451648,
            "max": 0.00019865820378060992,
            "count": 3
        },
        "FYP_Movement_1.Policy.LearningRate.sum": {
            "value": 0.000990822697725824,
            "min": 0.00019865820378060992,
            "max": 0.0009923652252116482,
            "count": 3
        },
        "FYP_Movement_1.Policy.Epsilon.mean": {
            "value": 0.16605483519999997,
            "min": 0.16605483519999997,
            "max": 0.16621939000000005,
            "count": 3
        },
        "FYP_Movement_1.Policy.Epsilon.sum": {
            "value": 0.8302741759999999,
            "min": 0.16621939000000005,
            "max": 0.8307883519999999,
            "count": 3
        },
        "FYP_Movement_1.Policy.Beta.mean": {
            "value": 0.0033061362764800007,
            "min": 0.0033061362764800007,
            "max": 0.0033143475610000013,
            "count": 3
        },
        "FYP_Movement_1.Policy.Beta.sum": {
            "value": 0.016530681382400002,
            "min": 0.0033143475610000013,
            "max": 0.016556338764800005,
            "count": 3
        },
        "FYP_Movement_1.IsTraining.mean": {
            "value": 1.0,
            "min": 1.0,
            "max": 1.0,
            "count": 3
        },
        "FYP_Movement_1.IsTraining.sum": {
            "value": 1.0,
            "min": 1.0,
            "max": 1.0,
            "count": 3
        }
    },
    "metadata": {
        "timer_format_version": "0.1.0",
        "start_time_seconds": "1712522335",
        "python_version": "3.8.0 (tags/v3.8.0:fa919fd, Oct 14 2019, 19:37:50) [MSC v.1916 64 bit (AMD64)]",
        "command_line_arguments": "C:\\Users\\jackp\\Desktop\\Development\\FYP\\MLAgentsPython\\Scripts\\mlagents-learn .\\config\\FYP_Movement_cfg.yaml --run-id=NewMovement --resume",
        "mlagents_version": "0.29.0",
        "mlagents_envs_version": "0.29.0",
        "communication_protocol_version": "1.5.0",
        "pytorch_version": "2.1.0+cpu",
        "numpy_version": "1.21.2",
        "end_time_seconds": "1712522543"
    },
    "total": 207.8670718,
    "count": 1,
    "self": 0.007235399999984793,
    "children": {
        "run_training.setup": {
            "total": 0.08775850000000007,
            "count": 1,
            "self": 0.08775850000000007
        },
        "TrainerController.start_learning": {
            "total": 207.7720779,
            "count": 1,
            "self": 0.22540619999912792,
            "children": {
                "TrainerController._reset_env": {
                    "total": 6.1762155,
                    "count": 1,
                    "self": 6.1762155
                },
                "TrainerController.advance": {
                    "total": 201.24691110000086,
                    "count": 10048,
                    "self": 0.20180330000087565,
                    "children": {
                        "env_step": {
                            "total": 145.16135020000013,
                            "count": 10048,
                            "self": 124.0989740999994,
                            "children": {
                                "SubprocessEnvManager._take_step": {
                                    "total": 20.921708700000234,
                                    "count": 10049,
                                    "self": 0.5603048000011377,
                                    "children": {
                                        "TorchPolicy.evaluate": {
                                            "total": 20.361403899999097,
                                            "count": 9381,
                                            "self": 3.3337560999997393,
                                            "children": {
                                                "TorchPolicy.sample_actions": {
                                                    "total": 17.027647799999357,
                                                    "count": 9381,
                                                    "self": 17.027647799999357
                                                }
                                            }
                                        }
                                    }
                                },
                                "workers": {
                                    "total": 0.14066740000049371,
                                    "count": 10047,
                                    "self": 0.0,