{
    "name": "root",
    "metadata": {
        "timer_format_version": "0.1.0",
        "start_time_seconds": "1705516651",
        "python_version": "3.8.0 (tags/v3.8.0:fa919fd, Oct 14 2019, 19:37:50) [MSC v.1916 64 bit (AMD64)]",
        "command_line_arguments": "C:\\Users\\jackp\\Desktop\\Development\\FYP\\MLAgentsPython\\scripts\\mlagents-learn .\\config\\FYP_Movement_cfg.yaml --run-id=ExtendedMovementTest2 --resume",
        "mlagents_version": "0.29.0",
        "mlagents_envs_version": "0.29.0",
        "communication_protocol_version": "1.5.0",
        "pytorch_version": "2.1.0+cpu",
        "numpy_version": "1.21.2",
        "end_time_seconds": "1705516662"
    },
    "total": 11.1916761,
    "count": 1,
    "self": 0.08650299999999866,
    "children": {
        "run_training.setup": {
            "total": 0.07730540000000019,
            "count": 1,
            "self": 0.07730540000000019
        },
        "TrainerController.start_learning": {
            "total": 11.027867700000002,
            "count": 1,
            "self": 0.010232299999973549,
            "children": {
                "TrainerController._reset_env": {
                    "total": 5.3223712,
                    "count": 1,
                    "self": 5.3223712
                },
                "TrainerController.advance": {
                    "total": 5.630252100000027,
                    "count": 714,
                    "self": 0.009476099999980114,
                    "children": {
                        "env_step": {
                            "total": 4.275024400000012,
                            "count": 714,
                            "self": 3.863680900000012,
                            "children": {
                                "SubprocessEnvManager._take_step": {
                                    "total": 0.40455390000000335,
                                    "count": 714,
                                    "self": 0.03141890000000558,
                                    "children": {
                                        "TorchPolicy.evaluate": {
                                            "total": 0.3731349999999978,
                                            "count": 664,
                                            "self": 0.07594919999996463,
                                            "children": {
                                                "TorchPolicy.sample_actions": {
                                                    "total": 0.29718580000003314,
                                                    "count": 664,
                                                    "self": 0.29718580000003314
                                                }
                                            }
                                        }
                                    }
                                },
                                "workers": {
                                    "total": 0.006789599999996732,
                                    "count": 714,
                                    "self": 0.0,
                                    "children": {
                                        "worker_root": {
                                            "total": 5.058253799999952,
                                            "count": 714,
                                            "is_parallel": true,
                                            "self": 1.8520189999999825,
                                            "children": {
                                                "steps_from_proto": {
                                                    "total": 0.00031339999999957513,
                                                    "count": 1,
                                                    "is_parallel": true,
                                                    "self": 0.00010319999999897078,
                                                    "children": {
                                                        "_process_rank_one_or_two_observation": {
                                                            "total": 0.00021020000000060435,
                                                            "count": 2,
                                                            "is_parallel": true,
                                                            "self": 0.00021020000000060435
                                                        }
                                                    }
                                                },
                                                "UnityEnvironment.step": {
                                                    "total": 3.20592139999997,
                                                    "count": 714,
                                                    "is_parallel": true,
                                                    "self": 0.06208089999993138,
                                                    "children": {
                                                        "UnityEnvironment._generate_step_input": {
                                                            "total": 0.11289130000000913,
                                                            "count": 714,
                                                            "is_parallel": true,
                                                            "self": 0.11289130000000913
                                                        },
                                                        "communicator.exchange": {
                                                            "total": 2.8919657000000107,
                                                            "count": 714,
                                                            "is_parallel": true,
                                                            "self": 2.8919657000000107
                                                        },
                                                        "steps_from_proto": {
                                                            "total": 0.1389835000000188,
                                                            "count": 714,
                                                            "is_parallel": true,
                                                            "self": 0.05637790000005172,
                                                            "children": {
                                                                "_process_rank_one_or_two_observation": {
                                                                    "total": 0.08260559999996708,
                                                                    "count": 1428,
                                                                    "is_parallel": true,
                                                                    "self": 0.08260559999996708
                                                                }
                                                            }
                                                        }
                                                    }
                                                }
                                            }
                                        }
                                    }
                                }
                            }
                        },
                        "trainer_advance": {
                            "total": 1.3457516000000354,
                            "count": 714,
                            "self": 0.013191600000021175,
                            "children": {
                                "process_trajectory": {
                                    "total": 0.4982061000000142,
                                    "count": 714,
                                    "self": 0.4982061000000142
                                },