{
    "name": "root",
    "gauges": {
        "FYP_Movement_1.Policy.Entropy.mean": {
            "value": 36.69339370727539,
            "min": 36.401588439941406,
            "max": 36.69339370727539,
            "count": 44
        },
        "FYP_Movement_1.Policy.Entropy.sum": {
            "value": 1839219.75,
            "min": 507146.90625,
            "max": 1839219.75,
            "count": 44
        },
        "FYP_Movement_1.Environment.EpisodeLength.mean": {
            "value": 469.6952380952381,
            "min": 267.4375,
            "max": 505.01960784313724,
            "count": 44
        },
        "FYP_Movement_1.Environment.EpisodeLength.sum": {
            "value": 49318.0,
            "min": 8558.0,
            "max": 55051.0,
            "count": 44
        },
        "FYP_Movement_1.Step.mean": {
            "value": 11049951.0,
            "min": 8899972.0,
            "max": 11049951.0,
            "count": 44
        },
        "FYP_Movement_1.Step.sum": {
            "value": 11049951.0,
            "min": 8899972.0,
            "max": 11049951.0,
            "count": 44
        },
        "FYP_Movement_1.Policy.ExtrinsicValueEstimate.mean": {
            "value": -0.21955011785030365,
            "min": -0.2578682601451874,
            "max": -0.14288195967674255,
            "count": 44
        },
        "FYP_Movement_1.Policy.ExtrinsicValueEstimate.sum": {
            "value": -184.20254516601562,
            "min": -214.81094360351562,
            "max": -32.4342041015625,
            "count": 44
        },
        "FYP_Movement_1.Environment.CumulativeReward.mean": {
            "value": -1.14946190413265,
            "min": -1.2234235339085846,
            "max": -1.00236761748371,
            "count": 44
        },
        "FYP_Movement_1.Environment.CumulativeReward.sum": {
            "value": -120.69349993392825,
            "min": -149.60149999707937,
            "max": -33.28840039297938,
            "count": 44
        },
        "FYP_Movement_1.Policy.ExtrinsicReward.mean": {
            "value": -1.14946190413265,
            "min": -1.2234235339085846,
            "max": -1.00236761748371,
            "count": 44
        },
        "FYP_Movement_1.Policy.ExtrinsicReward.sum": {
            "value": -120.69349993392825,
            "min": -149.60149999707937,
            "max": -33.28840039297938,
            "count": 44
        },
        "FYP_Movement_1.Losses.PolicyLoss.mean": {
            "value": 0.022727768459978204,
            "min": 0.017382314316152284,
            "max": 0.02708077831581856,
            "count": 44
        },
        "FYP_Movement_1.Losses.PolicyLoss.sum": {
            "value": 0.11363884229989102,
            "min": 0.017382314316152284,
            "max": 0.1354038915790928,
            "count": 44
        },
        "FYP_Movement_1.Losses.ValueLoss.mean": {
            "value": 0.008342063816574711,
            "min": 0.007573362385543683,
            "max": 0.014295166047910849,
            "count": 44
        },
        "FYP_Movement_1.Losses.ValueLoss.sum": {
            "value": 0.04171031908287356,
            "min": 0.014295166047910849,
            "max": 0.06365212132222951,
            "count": 44
        },
        "FYP_Movement_1.Policy.LearningRate.mean": {
            "value": 0.00023385953204683,
            "min": 0.00023385953204683,
            "max": 0.00024661996179335183,
            "count": 44
        },
        "FYP_Movement_1.Policy.LearningRate.sum": {
            "value": 0.00116929766023415,
            "min": 0.00024661996179335183,
            "max": 0.0012321745792751699,
            "count": 44
        },
        "FYP_Movement_1.Policy.Epsilon.mean": {
            "value": 0.17795317,
            "min": 0.17795317,
            "max": 0.18220664800000005,
            "count": 44
        },
        "FYP_Movement_1.Policy.Epsilon.sum": {
            "value": 0.88976585,
            "min": 0.18220664800000005,
            "max": 0.91072483,
            "count": 44
        },
        "FYP_Movement_1.Policy.Beta.mean": {
            "value": 0.0038998631830000014,
            "min": 0.0038998631830000014,
            "max": 0.0041121117352,
            "count": 44
        },
        "FYP_Movement_1.Policy.Beta.sum": {
            "value": 0.019499315915000006,
            "min": 0.0041121117352,
            "max": 0.020545169017,
            "count": 44
        },
        "FYP_Movement_1.IsTraining.mean": {
            "value": 1.0,
            "min": 1.0,
            "max": 1.0,
            "count": 44
        },
        "FYP_Movement_1.IsTraining.sum": {
            "value": 1.0,
            "min": 1.0,
            "max": 1.0,
            "count": 44
        }
    },
    "metadata": {
        "timer_format_version": "0.1.0",
        "start_time_seconds": "1711486801",
        "python_version": "3.8.0 (tags/v3.8.0:fa919fd, Oct 14 2019, 19:37:50) [MSC v.1916 64 bit (AMD64)]",
        "command_line_arguments": "C:\\Users\\jackp\\Desktop\\Development\\FYP\\MLAgentsPython\\Scripts\\mlagents-learn .\\config\\FYP_Movement_cfg.yaml --run-id=MoveToPointWithObstaclesWithLongerSight --resume",
        "mlagents_version": "0.29.0",
        "mlagents_envs_version": "0.29.0",
        "communication_protocol_version": "1.5.0",
        "pytorch_version": "2.1.0+cpu",
        "numpy_version": "1.21.2",
        "end_time_seconds": "1711489127"
    },
    "total": 2326.2904473000003,
    "count": 1,
    "self": 0.004528100000243285,
    "children": {
        "run_training.setup": {
            "total": 0.07607230000000009,
            "count": 1,
            "self": 0.07607230000000009
        },
        "TrainerController.start_learning": {
            "total": 2326.2098469000002,
            "count": 1,
            "self": 2.784668799978135,
            "children": {
                "TrainerController._reset_env": {
                    "total": 23.5691584,
                    "count": 1,
                    "self": 23.5691584
                },
                "TrainerController.advance": {
                    "total": 2299.7579280000223,
                    "count": 186425,
                    "self": 2.481625400114808,
                    "children": {
                        "env_step": {
                            "total": 1514.8110476998781,
                            "count": 186425,
                            "self": 1179.6989236999852,
                            "children": {
                                "SubprocessEnvManager._take_step": {
                                    "total": 333.36664199995784,
                                    "count": 186425,
                                    "self": 7.402558799900419,
                                    "children": {
                                        "TorchPolicy.evaluate": {
                                            "total": 325.9640832000574,
                                            "count": 182639,
                                            "self": 47.052884300034805,
                                            "children": {
                                                "TorchPolicy.sample_actions": {
                                                    "total": 278.9111989000226,
                                                    "count": 182639,
                                                    "self": 278.9111989000226
                                                }
                                            }
                                        }
                                    }
                                },
                                "workers": {
                                    "total": 1.7454819999351763,
                                    "count": 186425,
                                    "self": 0.0,