{
    "name": "root",
    "metadata": {
        "timer_format_version": "0.1.0",
        "start_time_seconds": "1711921844",
        "python_version": "3.8.0 (tags/v3.8.0:fa919fd, Oct 14 2019, 19:37:50) [MSC v.1916 64 bit (AMD64)]",
        "command_line_arguments": "C:\\Users\\jackp\\Desktop\\Development\\FYP\\MLAgentsPython\\Scripts\\mlagents-learn .\\config\\FYP_Movement_cfg.yaml --run-id=MoveToPointWithObstaclesWithLongerSight --resume",
        "mlagents_version": "0.29.0",
        "mlagents_envs_version": "0.29.0",
        "communication_protocol_version": "1.5.0",
        "pytorch_version": "2.1.0+cpu",
        "numpy_version": "1.21.2",
        "end_time_seconds": "1711921862"
    },
    "total": 17.1686213,
    "count": 1,
    "self": 0.005047700000002209,
    "children": {
        "run_training.setup": {
            "total": 0.09836500000000026,
            "count": 1,
            "self": 0.09836500000000026
        },
        "TrainerController.start_learning": {
            "total": 17.0652086,
            "count": 1,
            "self": 0.011582500000049123,
            "children": {
                "TrainerController._reset_env": {
                    "total": 6.2847973999999995,
                    "count": 1,
                    "self": 6.2847973999999995
                },
                "TrainerController.advance": {
                    "total": 10.545094299999949,
                    "count": 867,
                    "self": 0.01143529999993298,
                    "children": {
                        "env_step": {
                            "total": 10.437580999999977,
                            "count": 867,
                            "self": 8.886730599999948,
                            "children": {
                                "SubprocessEnvManager._take_step": {
                                    "total": 1.5434701000000484,
                                    "count": 867,
                                    "self": 0.029556700000048508,
                                    "children": {
                                        "TorchPolicy.evaluate": {
                                            "total": 1.5139133999999999,
                                            "count": 861,
                                            "self": 0.23114569999997947,
                                            "children": {
                                                "TorchPolicy.sample_actions": {
                                                    "total": 1.2827677000000204,
                                                    "count": 861,
                                                    "self": 1.2827677000000204
                                                }
                                            }
                                        }
                                    }
                                },
                                "workers": {
                                    "total": 0.007380299999979911,
                                    "count": 866,
                                    "self": 0.0,
                                    "children": {
                                        "worker_root": {
                                            "total": 6.365908899999965,
                                            "count": 866,
                                            "is_parallel": true,
                                            "self": 2.673272899999999,
                                            "children": {
                                                "steps_from_proto": {
                                                    "total": 0.00065280000000012,
                                                    "count": 1,
                                                    "is_parallel": true,
                                                    "self": 0.00021910000000158192,
                                                    "children": {
                                                        "_process_rank_one_or_two_observation": {
                                                            "total": 0.00043369999999853803,
                                                            "count": 8,
                                                            "is_parallel": true,
                                                            "self": 0.00043369999999853803
                                                        }
                                                    }
                                                },
                                                "UnityEnvironment.step": {
                                                    "total": 3.6919831999999664,
                                                    "count": 866,
                                                    "is_parallel": true,
                                                    "self": 0.046720100000003484,
                                                    "children": {
                                                        "UnityEnvironment._generate_step_input": {
                                                            "total": 0.03317659999999556,
                                                            "count": 866,
                                                            "is_parallel": true,
                                                            "self": 0.03317659999999556
                                                        },
                                                        "communicator.exchange": {
                                                            "total": 3.3890561999999678,
                                                            "count": 866,
                                                            "is_parallel": true,
                                                            "self": 3.3890561999999678
                                                        },
                                                        "steps_from_proto": {
                                                            "total": 0.22303029999999957,
                                                            "count": 866,
                                                            "is_parallel": true,
                                                            "self": 0.11284259999998092,
                                                            "children": {
                                                                "_process_rank_one_or_two_observation": {
                                                                    "total": 0.11018770000001865,
                                                                    "count": 6928,
                                                                    "is_parallel": true,
                                                                    "self": 0.11018770000001865
                                                                }
                                                            }
                                                        }
                                                    }
                                                }
                                            }
                                        }
                                    }
                                }
                            }
                        },
                        "trainer_advance": {
                            "total": 0.09607800000003941,
                            "count": 866,
                            "self": 0.01349730000003646,
                            "children": {
                                "process_trajectory": {
                                    "total": 0.08258070000000295,
                                    "count": 866,