{
    "name": "root",
    "gauges": {
        "FYP_Movement_1.Policy.Entropy.mean": {
            "value": 5.908555507659912,
            "min": 5.879666328430176,
            "max": 5.908555507659912,
            "count": 2
        },
        "FYP_Movement_1.Policy.Entropy.sum": {
            "value": 294009.71875,
            "min": 71778.96875,
            "max": 294009.71875,
            "count": 2
        },
        "FYP_Movement_1.Environment.EpisodeLength.mean": {
            "value": 135.10326086956522,
            "min": 127.53947368421052,
            "max": 135.10326086956522,
            "count": 2
        },
        "FYP_Movement_1.Environment.EpisodeLength.sum": {
            "value": 49718.0,
            "min": 9693.0,
            "max": 49718.0,
            "count": 2
        },
        "FYP_Movement_1.Step.mean": {
            "value": 4499985.0,
            "min": 4449971.0,
            "max": 4499985.0,
            "count": 2
        },
        "FYP_Movement_1.Step.sum": {
            "value": 4499985.0,
            "min": 4449971.0,
            "max": 4499985.0,
            "count": 2
        },
        "FYP_Movement_1.Policy.ExtrinsicValueEstimate.mean": {
            "value": 0.4342842698097229,
            "min": 0.4342842698097229,
            "max": 0.46159350872039795,
            "count": 2
        },
        "FYP_Movement_1.Policy.ExtrinsicValueEstimate.sum": {
            "value": 411.2672119140625,
            "min": 101.08898162841797,
            "max": 411.2672119140625,
            "count": 2
        },
        "FYP_Movement_1.Environment.CumulativeReward.mean": {
            "value": 0.8438088833983686,
            "min": 0.792926646718705,
            "max": 0.8438088833983686,
            "count": 2
        },
        "FYP_Movement_1.Environment.CumulativeReward.sum": {
            "value": 312.20928685739636,
            "min": 58.67657185718417,
            "max": 312.20928685739636,
            "count": 2
        },
        "FYP_Movement_1.Policy.ExtrinsicReward.mean": {
            "value": 0.8438088833983686,
            "min": 0.792926646718705,
            "max": 0.8438088833983686,
            "count": 2
        },
        "FYP_Movement_1.Policy.ExtrinsicReward.sum": {
            "value": 312.20928685739636,
            "min": 58.67657185718417,
            "max": 312.20928685739636,
            "count": 2
        },
        "FYP_Movement_1.Losses.PolicyLoss.mean": {
            "value": 0.02598819573080012,
            "min": 0.023859885503770783,
            "max": 0.02598819573080012,
            "count": 2
        },
        "FYP_Movement_1.Losses.PolicyLoss.sum": {
            "value": 0.10395278292320048,
            "min": 0.023859885503770783,
            "max": 0.10395278292320048,
            "count": 2
        },
        "FYP_Movement_1.Losses.ValueLoss.mean": {
            "value": 0.012014811191086968,
            "min": 0.012014811191086968,
            "max": 0.01266715507954359,
            "count": 2
        },
        "FYP_Movement_1.Losses.ValueLoss.sum": {
            "value": 0.04805924476434787,
            "min": 0.01266715507954359,
            "max": 0.04805924476434787,
            "count": 2
        },
        "FYP_Movement_1.Policy.LearningRate.mean": {
            "value": 0.0002731535534488185,
            "min": 0.0002731535534488185,
            "max": 0.00027330761689746397,
            "count": 2
        },
        "FYP_Movement_1.Policy.LearningRate.sum": {
            "value": 0.001092614213795274,
            "min": 0.00027330761689746397,
            "max": 0.001092614213795274,
            "count": 2
        },
        "FYP_Movement_1.Policy.Epsilon.mean": {
            "value": 0.19105118150000003,
            "min": 0.19105118150000003,
            "max": 0.19110253599999996,
            "count": 2
        },
        "FYP_Movement_1.Policy.Epsilon.sum": {
            "value": 0.7642047260000001,
            "min": 0.19110253599999996,
            "max": 0.7642047260000001,
            "count": 2
        },
        "FYP_Movement_1.Policy.Beta.mean": {
            "value": 0.004553453956849999,
            "min": 0.004553453956849999,
            "max": 0.004556016546400001,
            "count": 2
        },
        "FYP_Movement_1.Policy.Beta.sum": {
            "value": 0.018213815827399997,
            "min": 0.004556016546400001,
            "max": 0.018213815827399997,
            "count": 2
        },
        "FYP_Movement_1.IsTraining.mean": {
            "value": 1.0,
            "min": 1.0,
            "max": 1.0,
            "count": 2
        },
        "FYP_Movement_1.IsTraining.sum": {
            "value": 1.0,
            "min": 1.0,
            "max": 1.0,
            "count": 2
        }
    },
    "metadata": {
        "timer_format_version": "0.1.0",
        "start_time_seconds": "1711623662",
        "python_version": "3.8.0 (tags/v3.8.0:fa919fd, Oct 14 2019, 19:37:50) [MSC v.1916 64 bit (AMD64)]",
        "command_line_arguments": "C:\\Users\\jackp\\Desktop\\Development\\FYP\\MLAgentsPython\\scripts\\mlagents-learn .\\config\\FYP_Movement_cfg.yaml --run-id=MoveToPointWithObstaclesWithLongerSight --resume",
        "mlagents_version": "0.29.0",
        "mlagents_envs_version": "0.29.0",
        "communication_protocol_version": "1.5.0",
        "pytorch_version": "2.1.0+cpu",
        "numpy_version": "1.21.2",
        "end_time_seconds": "1711623735"
    },
    "total": 72.8723398,
    "count": 1,
    "self": 0.004497200000002977,
    "children": {
        "run_training.setup": {
            "total": 0.08069349999999997,
            "count": 1,
            "self": 0.08069349999999997
        },
        "TrainerController.start_learning": {
            "total": 72.78714910000001,
            "count": 1,
            "self": 0.0726780999998482,
            "children": {
                "TrainerController._reset_env": {
                    "total": 7.2073536,
                    "count": 1,
                    "self": 7.2073536
                },
                "TrainerController.advance": {
                    "total": 65.40428850000015,
                    "count": 4671,
                    "self": 0.06817079999994746,
                    "children": {
                        "env_step": {
                            "total": 43.16217270000002,
                            "count": 4671,
                            "self": 35.19953470000013,
                            "children": {
                                "SubprocessEnvManager._take_step": {
                                    "total": 7.915958400000056,
                                    "count": 4671,
                                    "self": 0.1835602000000467,
                                    "children": {
                                        "TorchPolicy.evaluate": {
                                            "total": 7.732398200000009,
                                            "count": 4267,
                                            "self": 1.1470032000000057,
                                            "children": {
                                                "TorchPolicy.sample_actions": {
                                                    "total": 6.585395000000004,
                                                    "count": 4267,
                                                    "self": 6.585395000000004
                                                }
                                            }
                                        }
                                    }
                                },
                                "workers": {
                                    "total": 0.046679599999833954,
                                    "count": 4670,
                                    "self": 0.0,