{
    "name": "root",
    "gauges": {
        "FYP_Movement_1.Policy.Entropy.mean": {
            "value": 35.56329345703125,
            "min": 21.39368438720703,
            "max": 35.56329345703125,
            "count": 20
        },
        "FYP_Movement_1.Policy.Entropy.sum": {
            "value": 1777453.375,
            "min": 201015.0625,
            "max": 1777453.375,
            "count": 20
        },
        "FYP_Movement_1.Step.mean": {
            "value": 8849966.0,
            "min": 7899980.0,
            "max": 8849966.0,
            "count": 20
        },
        "FYP_Movement_1.Step.sum": {
            "value": 8849966.0,
            "min": 7899980.0,
            "max": 8849966.0,
            "count": 20
        },
        "FYP_Movement_1.Policy.ExtrinsicValueEstimate.mean": {
            "value": -0.1150713711977005,
            "min": -0.1537613719701767,
            "max": -0.11308717727661133,
            "count": 20
        },
        "FYP_Movement_1.Policy.ExtrinsicValueEstimate.sum": {
            "value": -92.51737976074219,
            "min": -117.03752899169922,
            "max": -22.141637802124023,
            "count": 20
        },
        "FYP_Movement_1.Environment.EpisodeLength.mean": {
            "value": 1117.9024390243903,
            "min": 227.0,
            "max": 1368.421052631579,
            "count": 20
        },
        "FYP_Movement_1.Environment.EpisodeLength.sum": {
            "value": 45834.0,
            "min": 1135.0,
            "max": 56309.0,
            "count": 20
        },
        "FYP_Movement_1.Environment.CumulativeReward.mean": {
            "value": -1.3397268523098673,
            "min": -1.526552660513277,
            "max": -1.1138799913227557,
            "count": 20
        },
        "FYP_Movement_1.Environment.CumulativeReward.sum": {
            "value": -54.92880094470456,
            "min": -76.1709009502083,
            "max": -5.569399956613779,
            "count": 20
        },
        "FYP_Movement_1.Policy.ExtrinsicReward.mean": {
            "value": -1.3397268523098673,
            "min": -1.526552660513277,
            "max": -1.1138799913227557,
            "count": 20
        },
        "FYP_Movement_1.Policy.ExtrinsicReward.sum": {
            "value": -54.92880094470456,
            "min": -76.1709009502083,
            "max": -5.569399956613779,
            "count": 20
        },
        "FYP_Movement_1.IsTraining.mean": {
            "value": 1.0,
            "min": 1.0,
            "max": 1.0,
            "count": 20
        },
        "FYP_Movement_1.IsTraining.sum": {
            "value": 1.0,
            "min": 1.0,
            "max": 1.0,
            "count": 20
        },
        "FYP_Movement_1.Losses.PolicyLoss.mean": {
            "value": 0.023824581556909835,
            "min": 0.022099146732216468,
            "max": 0.025791694045037727,
            "count": 19
        },
        "FYP_Movement_1.Losses.PolicyLoss.sum": {
            "value": 0.11912290778454918,
            "min": 0.08958306431668461,
            "max": 0.12895847022518864,
            "count": 19
        },
        "FYP_Movement_1.Losses.ValueLoss.mean": {
            "value": 0.003923414092278108,
            "min": 0.0037304213303286813,
            "max": 0.005039167068316601,
            "count": 19
        },
        "FYP_Movement_1.Losses.ValueLoss.sum": {
            "value": 0.01961707046139054,
            "min": 0.016901954405329888,
            "max": 0.025195835341583005,
            "count": 19
        },
        "FYP_Movement_1.Policy.LearningRate.mean": {
            "value": 0.002470412177652928,
            "min": 0.002470412177652928,
            "max": 0.002524677579844081,
            "count": 19
        },
        "FYP_Movement_1.Policy.LearningRate.sum": {
            "value": 0.01235206088826464,
            "min": 0.009942101228596628,
            "max": 0.012623387899220406,
            "count": 19
        },
        "FYP_Movement_1.Policy.Epsilon.mean": {
            "value": 0.182347072,
            "min": 0.182347072,
            "max": 0.18415591879999998,
            "count": 19
        },
        "FYP_Movement_1.Policy.Epsilon.sum": {
            "value": 0.91173536,
            "min": 0.7314033720000002,
            "max": 0.920779594,
            "count": 19
        },
        "FYP_Movement_1.Policy.Beta.mean": {
            "value": 0.0411753012928,
            "min": 0.0411753012928,
            "max": 0.042079543808120005,
            "count": 19
        },
        "FYP_Movement_1.Policy.Beta.sum": {
            "value": 0.205876506464,
            "min": 0.1657085456628,
            "max": 0.21039771904060003,
            "count": 19
        }
    },
    "metadata": {
        "timer_format_version": "0.1.0",
        "start_time_seconds": "1711485085",
        "python_version": "3.8.0 (tags/v3.8.0:fa919fd, Oct 14 2019, 19:37:50) [MSC v.1916 64 bit (AMD64)]",
        "command_line_arguments": "C:\\Users\\jackp\\Desktop\\Development\\FYP\\MLAgentsPython\\scripts\\mlagents-learn .\\config\\FYP_Movement_cfg.yaml --run-id=MoveToPointWithObstaclesWithLongerSight --resume",
        "mlagents_version": "0.29.0",
        "mlagents_envs_version": "0.29.0",
        "communication_protocol_version": "1.5.0",
        "pytorch_version": "2.1.0+cpu",
        "numpy_version": "1.21.2",
        "end_time_seconds": "1711486632"
    },
    "total": 1546.5646748000001,
    "count": 1,
    "self": 10.003386200000023,
    "children": {
        "run_training.setup": {
            "total": 0.07428860000000004,
            "count": 1,
            "self": 0.07428860000000004
        },
        "TrainerController.start_learning": {
            "total": 1536.487,
            "count": 1,
            "self": 1.2184931999718174,
            "children": {
                "TrainerController._reset_env": {
                    "total": 4.7718217,
                    "count": 1,
                    "self": 4.7718217
                },
                "TrainerController.advance": {
                    "total": 1530.3951283000285,
                    "count": 84560,
                    "self": 1.0830501000284585,
                    "children": {
                        "env_step": {
                            "total": 718.3637132000001,
                            "count": 84560,
                            "self": 563.8406446999854,
                            "children": {
                                "SubprocessEnvManager._take_step": {
                                    "total": 153.68507310000535,
                                    "count": 84561,
                                    "self": 3.4290620000343495,
                                    "children": {
                                        "TorchPolicy.evaluate": {
                                            "total": 150.256011099971,
                                            "count": 83871,
                                            "self": 21.717228199947357,
                                            "children": {
                                                "TorchPolicy.sample_actions": {
                                                    "total": 128.53878290002365,
                                                    "count": 83871,
                                                    "self": 128.53878290002365
                                                }
                                            }
                                        }
                                    }
                                },
                                "workers": {
                                    "total": 0.8379954000093575,
                                    "count": 84559,
                                    "self": 0.0,